,sex,age,address,famsize,Pstatus,Medu,Fedu,reason,guardian,traveltime,studytime,failures,schoolsup,famsup,paid,activities,nursery,higher,internet,romantic,famrel,freetime,goout,absences,alcohol,grade
0,F,18,U,GT3,A,4,4,course,mother,2,2,0,yes,no,no,no,yes,yes,no,no,4,3,4,6,2,17
1,F,17,U,GT3,T,1,1,course,father,1,2,0,no,yes,no,no,no,yes,yes,no,5,3,3,4,2,16
2,F,15,U,LE3,T,1,1,other,mother,1,2,3,yes,no,yes,no,yes,yes,yes,no,4,3,2,10,5,25
3,F,15,U,GT3,T,4,2,home,mother,1,3,0,no,yes,yes,yes,yes,yes,yes,yes,3,2,2,2,2,44
4,F,16,U,GT3,T,3,3,home,father,1,2,0,no,yes,yes,no,yes,yes,no,no,4,3,2,4,3,26
5,M,16,U,LE3,T,4,3,reputation,mother,1,2,0,no,yes,yes,yes,yes,yes,yes,no,5,4,2,10,3,45
6,M,16,U,LE3,T,2,2,home,mother,1,2,0,no,no,no,no,yes,yes,yes,no,4,4,4,0,2,35
7,F,17,U,GT3,A,4,4,home,mother,2,2,0,yes,yes,no,no,yes,yes,no,no,4,1,4,6,2,17
8,M,15,U,LE3,A,3,2,home,mother,1,2,0,no,yes,yes,no,yes,yes,yes,no,4,2,2,0,2,53
9,M,15,U,GT3,T,3,4,home,mother,1,2,0,no,yes,yes,yes,yes,yes,yes,no,5,5,1,0,2,44
10,F,15,U,GT3,T,4,4,reputation,mother,1,2,0,no,yes,yes,no,yes,yes,yes,no,3,3,3,0,3,27
11,F,15,U,GT3,T,2,1,reputation,father,3,3,0,no,yes,no,yes,yes,yes,yes,no,5,2,2,4,2,34
12,M,15,U,LE3,T,4,4,course,father,1,1,0,no,yes,yes,yes,yes,yes,yes,no,4,3,3,2,4,42
13,M,15,U,GT3,T,4,3,course,mother,2,2,0,no,yes,yes,no,yes,yes,yes,no,5,4,3,2,3,31
14,M,15,U,GT3,A,2,2,home,other,1,3,0,no,yes,no,no,yes,yes,yes,yes,4,5,2,0,2,46
15,F,16,U,GT3,T,4,4,home,mother,1,1,0,no,yes,no,no,yes,yes,yes,no,4,4,4,4,3,42
16,F,16,U,GT3,T,4,4,reputation,mother,1,3,0,no,yes,yes,yes,yes,yes,yes,no,3,2,3,6,3,41
17,F,16,U,GT3,T,3,3,reputation,mother,3,2,0,yes,yes,no,yes,yes,yes,no,no,5,3,2,4,2,28
18,M,17,U,GT3,T,3,2,course,mother,1,1,3,no,yes,no,yes,yes,yes,yes,no,5,5,5,16,6,16
19,M,16,U,LE3,T,4,3,home,father,1,1,0,no,no,yes,yes,yes,yes,yes,no,3,1,3,4,4,28
20,M,15,U,GT3,T,4,3,reputation,mother,1,2,0,no,no,no,no,yes,yes,yes,no,4,4,1,0,2,42
21,M,15,U,GT3,T,4,4,other,father,1,1,0,no,yes,yes,no,yes,yes,yes,no,5,4,2,0,2,42
22,M,16,U,LE3,T,4,2,course,mother,1,2,0,no,no,no,yes,yes,yes,yes,no,4,5,1,2,4,46
23,M,16,U,LE3,T,2,2,reputation,mother,2,2,0,no,yes,no,yes,yes,yes,yes,no,5,4,4,0,6,38
24,F,15,R,GT3,T,2,4,course,mother,1,3,0,yes,yes,yes,yes,yes,yes,yes,no,4,3,2,2,2,27
25,F,16,U,GT3,T,2,2,home,mother,1,1,2,no,yes,yes,no,no,yes,yes,no,1,2,2,14,4,23
26,M,15,U,GT3,T,2,2,home,mother,1,1,0,no,yes,yes,no,yes,yes,yes,no,4,2,2,2,3,35
27,M,15,U,GT3,T,4,2,other,mother,1,1,0,no,no,yes,no,yes,yes,yes,no,2,2,4,4,6,46
28,M,16,U,LE3,A,3,4,home,mother,1,2,0,yes,yes,no,yes,yes,yes,yes,no,5,3,3,4,2,33
29,M,16,U,GT3,T,4,4,home,mother,1,2,0,no,yes,yes,yes,yes,yes,yes,yes,4,4,5,16,10,33
30,M,15,U,GT3,T,4,4,home,mother,1,2,0,no,yes,yes,no,no,yes,yes,no,5,4,2,0,7,32
31,M,15,U,GT3,T,4,4,reputation,mother,2,2,0,no,yes,no,yes,yes,yes,yes,no,4,3,1,0,2,50
32,M,15,R,GT3,T,4,3,course,mother,1,2,0,no,yes,no,yes,yes,yes,yes,yes,4,5,2,0,2,49
33,M,15,U,LE3,T,3,3,course,mother,1,2,0,no,no,no,yes,no,yes,yes,no,5,3,2,0,2,30
34,M,16,U,GT3,T,3,2,home,mother,1,1,0,no,yes,yes,no,no,yes,yes,no,5,4,3,0,2,41
35,F,15,U,GT3,T,2,3,other,father,2,1,0,no,yes,no,yes,yes,yes,no,no,3,5,1,0,2,21
36,M,15,U,LE3,T,4,3,home,mother,1,3,0,no,yes,no,yes,yes,yes,yes,no,5,4,3,2,2,49
37,M,16,R,GT3,A,4,4,reputation,mother,2,3,0,no,yes,no,yes,yes,yes,yes,yes,2,4,3,7,2,46
38,F,15,R,GT3,T,3,4,course,mother,1,3,0,yes,yes,yes,yes,yes,yes,yes,no,4,3,2,2,2,35
39,F,15,R,GT3,T,2,2,reputation,mother,1,1,0,yes,yes,yes,yes,yes,yes,no,no,4,3,1,8,2,40
40,M,15,U,LE3,T,4,4,home,other,1,1,0,no,yes,no,no,no,yes,yes,yes,5,4,3,8,6,36
41,M,15,U,GT3,T,4,4,course,father,1,2,0,no,yes,no,yes,yes,yes,yes,no,4,3,3,2,2,55
42,M,15,U,GT3,T,2,2,course,father,1,1,0,yes,yes,no,no,yes,yes,yes,no,5,4,1,0,2,27
43,F,16,U,LE3,T,2,2,course,father,2,2,1,yes,no,no,yes,yes,yes,yes,no,4,3,3,14,4,29
44,F,15,U,LE3,A,4,3,course,mother,1,2,0,yes,yes,yes,yes,yes,yes,yes,yes,5,2,2,8,2,22
45,F,16,U,LE3,A,3,3,home,mother,1,2,0,no,yes,no,no,yes,yes,yes,no,2,3,5,12,5,34
46,M,16,U,GT3,T,4,3,reputation,mother,1,4,0,no,no,no,yes,yes,yes,yes,no,4,2,2,4,2,58
47,M,15,U,GT3,T,4,2,home,mother,1,2,0,no,yes,yes,no,yes,yes,no,no,4,3,3,2,4,44
48,F,15,U,GT3,T,4,4,other,father,1,2,1,yes,yes,no,yes,no,yes,yes,no,4,4,4,2,2,21
49,F,16,U,LE3,T,2,2,course,mother,3,2,0,no,yes,yes,no,yes,yes,yes,no,4,3,3,2,5,38
50,F,15,U,LE3,T,4,2,other,mother,1,2,0,no,yes,yes,no,yes,yes,yes,no,4,3,3,2,2,37
51,M,15,U,LE3,A,4,2,other,father,2,1,1,no,no,no,no,yes,yes,no,no,5,5,5,6,7,32
52,F,15,U,GT3,T,4,4,course,mother,1,1,0,yes,yes,yes,no,yes,yes,yes,no,3,3,4,0,5,29
53,F,15,U,LE3,A,3,3,other,mother,1,1,0,no,no,yes,no,yes,yes,yes,no,5,3,4,6,8,36
54,F,16,U,GT3,A,2,1,other,mother,1,2,0,no,no,yes,yes,yes,yes,yes,yes,5,3,4,8,2,27
55,F,15,U,GT3,A,4,3,reputation,mother,1,2,0,no,yes,yes,yes,yes,yes,yes,no,4,3,2,0,2,44
56,M,15,U,GT3,T,4,4,reputation,mother,1,2,0,no,yes,no,yes,yes,yes,no,no,3,2,2,4,2,44
57,M,15,U,LE3,T,1,2,home,father,1,2,0,yes,yes,no,yes,yes,yes,yes,no,4,3,2,2,2,28
58,F,16,U,GT3,T,4,2,course,mother,1,2,0,no,yes,no,no,yes,yes,yes,no,4,2,3,2,2,47
59,F,16,R,GT3,T,4,4,other,mother,1,2,0,no,yes,no,yes,yes,yes,no,no,2,4,4,6,5,32
60,F,16,U,GT3,T,1,1,course,father,4,1,0,yes,yes,no,yes,no,yes,yes,yes,5,5,5,6,10,29
61,F,16,U,LE3,T,1,2,reputation,father,1,2,0,yes,no,no,yes,yes,yes,yes,no,4,4,3,4,2,27
62,F,16,U,GT3,T,4,3,home,mother,1,3,0,yes,yes,yes,yes,yes,yes,yes,no,3,4,4,2,6,28
63,F,15,U,LE3,T,4,3,reputation,father,1,2,0,yes,no,no,yes,yes,yes,yes,yes,4,4,4,0,6,30
64,F,16,U,LE3,T,4,3,course,mother,3,2,0,no,yes,no,yes,yes,yes,yes,no,5,4,3,2,3,46
65,M,15,U,GT3,A,4,4,reputation,mother,1,4,0,no,yes,no,yes,no,yes,yes,yes,1,3,3,4,10,38
66,F,16,U,GT3,T,3,1,course,mother,1,4,0,yes,yes,yes,no,yes,yes,yes,no,4,3,3,4,3,20
67,F,15,R,LE3,T,2,2,reputation,mother,2,2,0,yes,yes,yes,no,yes,yes,yes,no,4,1,3,2,4,25
68,F,15,R,LE3,T,3,1,reputation,father,2,4,0,no,yes,no,no,no,yes,yes,no,4,4,2,12,5,48
69,M,16,U,GT3,T,3,1,reputation,father,2,4,0,no,yes,yes,no,yes,yes,yes,no,4,3,2,0,2,43
70,M,15,U,GT3,T,4,2,course,mother,1,4,0,no,no,no,no,yes,yes,yes,no,3,3,3,0,2,30
71,F,15,R,GT3,T,1,1,reputation,mother,1,2,2,yes,yes,no,no,no,yes,yes,yes,3,3,4,2,6,19
72,M,16,U,GT3,T,3,1,reputation,mother,1,1,0,no,no,no,yes,yes,yes,no,no,5,3,2,2,4,38
73,M,15,U,GT3,T,4,3,home,mother,1,2,0,no,yes,yes,yes,yes,yes,yes,no,4,3,3,6,5,28
74,M,15,U,GT3,T,4,0,course,mother,2,4,0,no,no,no,yes,yes,yes,yes,no,3,4,3,8,2,32
75,F,16,U,GT3,T,2,2,reputation,mother,1,4,0,no,no,yes,no,yes,yes,yes,yes,5,2,3,0,4,33
76,M,17,U,GT3,T,2,1,home,mother,2,1,3,yes,yes,no,yes,yes,no,yes,no,4,5,1,2,2,26
77,F,16,U,GT3,T,3,4,course,mother,1,2,0,no,yes,no,no,yes,yes,yes,no,2,4,3,12,3,15
78,M,15,U,GT3,T,2,3,course,father,1,1,0,yes,yes,yes,yes,no,yes,yes,yes,3,2,2,2,4,34
79,M,15,U,GT3,T,2,3,home,mother,1,3,0,yes,no,yes,no,no,yes,yes,no,5,3,2,4,3,32
80,F,15,U,LE3,T,3,2,reputation,mother,1,2,0,no,yes,yes,no,yes,yes,yes,no,4,4,4,10,2,19
81,M,15,U,LE3,T,2,2,home,mother,2,2,0,no,no,yes,yes,yes,yes,yes,no,5,3,3,4,4,45
82,F,15,U,GT3,T,1,1,home,father,1,2,0,no,yes,no,yes,no,yes,yes,no,4,3,2,2,5,29
83,F,15,U,GT3,T,4,4,reputation,father,2,2,2,no,no,yes,no,yes,yes,yes,yes,4,4,4,6,5,24
84,F,16,U,LE3,T,2,2,course,mother,1,2,0,no,yes,no,no,yes,yes,no,no,4,3,4,4,3,21
85,F,15,U,GT3,T,4,2,reputation,mother,1,3,0,no,yes,no,yes,yes,yes,yes,no,5,3,3,4,4,41
86,M,16,U,GT3,T,2,2,reputation,father,2,2,1,no,no,yes,yes,no,yes,yes,no,4,4,2,12,2,31
87,M,16,U,LE3,A,4,4,reputation,mother,1,2,0,no,yes,no,no,yes,yes,no,no,4,1,3,18,8,21
88,F,16,U,GT3,T,3,3,home,mother,1,3,0,no,yes,yes,no,yes,yes,yes,yes,4,3,3,0,4,22
89,F,15,U,GT3,T,4,3,reputation,mother,1,1,0,no,no,yes,yes,yes,yes,yes,no,4,5,5,4,4,51
90,F,16,U,LE3,T,3,1,home,father,1,2,0,yes,yes,no,no,yes,yes,no,no,3,3,3,4,5,19
91,F,16,U,GT3,T,4,2,home,mother,2,2,0,no,yes,yes,yes,yes,yes,yes,no,5,3,3,0,2,31
92,M,15,U,LE3,T,2,2,reputation,mother,1,4,0,no,yes,no,yes,yes,yes,yes,no,4,3,4,6,2,38
93,F,15,R,GT3,T,1,1,home,mother,2,4,1,yes,yes,yes,yes,yes,yes,yes,no,3,1,2,2,2,27
94,M,16,R,GT3,T,4,3,reputation,mother,2,1,0,yes,yes,no,yes,no,yes,yes,no,3,3,3,2,2,41
95,F,16,U,GT3,T,2,1,course,mother,1,2,0,no,yes,yes,no,yes,yes,no,yes,4,3,5,2,2,27
96,F,16,U,GT3,T,4,4,reputation,mother,1,1,0,no,no,no,yes,no,yes,yes,no,5,3,4,6,3,39
97,F,16,U,GT3,T,4,3,course,mother,1,3,0,yes,yes,yes,no,yes,yes,yes,no,5,3,5,0,2,24
98,M,16,U,GT3,T,4,4,other,mother,1,1,0,yes,yes,yes,yes,yes,yes,yes,no,4,5,5,14,10,19
99,M,16,U,GT3,T,4,4,other,father,1,3,0,no,yes,no,yes,yes,yes,yes,yes,4,4,3,0,2,50
100,M,15,U,GT3,T,4,4,course,mother,1,1,0,no,yes,no,yes,no,yes,yes,no,5,3,3,4,2,37
101,M,15,U,GT3,A,3,4,course,mother,1,2,0,no,yes,yes,yes,yes,yes,yes,no,5,4,4,0,2,52
102,F,15,U,GT3,A,3,3,reputation,father,1,4,0,yes,no,no,no,yes,yes,no,no,4,3,3,10,2,32
103,F,15,U,GT3,T,2,2,course,mother,1,4,0,yes,yes,yes,no,yes,yes,yes,no,5,1,2,8,2,23
104,M,16,U,GT3,T,3,3,home,father,1,3,0,no,yes,no,yes,yes,yes,yes,no,5,3,3,2,2,52
105,M,15,R,GT3,T,4,4,home,father,4,4,0,no,yes,yes,yes,yes,yes,yes,yes,1,3,5,6,8,36
106,F,16,U,LE3,T,4,4,other,mother,1,3,0,no,yes,yes,yes,yes,yes,yes,yes,5,4,5,4,2,45
107,M,15,U,LE3,A,4,4,course,mother,1,1,0,no,no,no,yes,yes,yes,yes,no,5,5,3,6,2,56
108,F,16,R,GT3,T,3,3,reputation,father,1,3,1,yes,yes,no,yes,yes,yes,yes,no,4,1,2,0,2,27
109,F,16,U,GT3,T,2,2,home,mother,1,2,1,yes,no,no,yes,yes,yes,yes,no,3,1,2,6,2,36
110,M,15,U,LE3,T,4,2,course,mother,1,1,0,no,no,no,no,yes,yes,yes,no,3,5,2,10,2,56
111,M,15,R,GT3,T,2,1,reputation,mother,1,2,0,no,no,no,yes,yes,yes,yes,yes,5,4,2,8,2,27
112,M,16,U,GT3,T,4,4,course,father,1,2,0,no,yes,no,yes,yes,yes,yes,no,5,4,4,2,3,46
113,M,15,U,GT3,T,4,4,reputation,father,2,2,0,no,yes,no,yes,yes,yes,no,no,4,4,3,2,2,38
114,M,16,U,GT3,T,3,3,home,father,2,1,0,no,no,no,yes,yes,yes,yes,no,5,4,2,0,2,40
115,M,17,R,GT3,T,1,3,course,father,3,2,1,no,yes,no,yes,yes,yes,yes,no,5,2,4,20,5,24
116,M,15,U,GT3,T,3,4,reputation,father,1,1,0,no,no,no,no,yes,yes,yes,no,3,4,3,6,3,40
117,F,15,U,GT3,T,1,2,course,mother,1,2,0,no,no,no,no,no,yes,yes,no,3,2,3,2,3,46
118,M,15,U,GT3,T,2,2,home,father,1,4,0,no,yes,yes,yes,yes,yes,yes,no,5,5,4,6,3,45
119,F,16,U,LE3,T,2,4,course,father,2,2,0,no,yes,yes,yes,yes,yes,yes,yes,4,2,2,2,3,39
120,M,16,U,GT3,T,4,4,course,mother,1,1,0,no,yes,no,yes,yes,yes,yes,no,3,4,4,18,5,38
121,F,16,U,GT3,T,2,2,home,mother,1,2,0,no,no,yes,no,yes,yes,yes,yes,5,4,4,0,2,23
122,M,15,U,GT3,T,3,4,home,father,1,1,0,yes,no,no,no,yes,yes,yes,no,5,5,5,0,5,38
123,F,15,U,LE3,A,3,4,home,mother,1,2,0,yes,no,no,yes,yes,yes,yes,yes,5,3,2,0,2,28
124,F,19,U,GT3,T,0,1,course,other,1,2,3,no,yes,no,no,no,no,no,no,3,4,2,2,2,24
125,M,18,R,GT3,T,2,2,reputation,mother,1,1,2,no,yes,no,yes,yes,yes,yes,no,3,3,3,0,3,11
126,M,16,R,GT3,T,4,4,course,mother,1,1,0,no,no,yes,yes,yes,yes,yes,no,3,5,5,8,7,54
127,F,15,R,GT3,T,3,4,course,father,2,3,2,no,yes,no,no,yes,yes,yes,yes,4,2,2,0,4,12
128,F,15,U,GT3,T,1,1,course,mother,3,1,0,no,yes,no,yes,no,yes,yes,yes,4,3,3,0,3,8
129,F,17,U,LE3,T,2,2,course,father,1,1,0,no,yes,no,no,yes,yes,yes,yes,3,4,4,12,4,35
130,F,16,U,GT3,A,3,4,course,father,1,1,0,no,no,no,no,yes,yes,yes,no,3,2,1,16,5,34
131,M,15,R,GT3,T,3,4,course,mother,4,2,0,no,yes,no,no,yes,yes,no,yes,5,3,3,0,2,9
132,F,15,U,GT3,T,4,4,course,mother,1,3,0,no,yes,no,yes,yes,yes,yes,yes,4,3,3,0,2,11
133,M,17,R,GT3,T,3,4,course,mother,3,2,0,no,no,no,no,yes,yes,no,no,5,4,5,0,6,10
134,F,16,U,GT3,A,3,3,course,other,2,1,2,no,yes,no,yes,no,yes,yes,yes,4,3,2,0,2,4
135,M,16,U,LE3,T,1,1,course,mother,1,2,1,no,no,no,no,yes,yes,no,yes,4,4,4,0,4,38
136,F,15,U,GT3,T,4,4,course,mother,2,1,0,no,no,no,yes,yes,yes,yes,no,4,3,2,0,2,47
137,M,15,U,GT3,T,4,3,course,father,2,4,0,yes,yes,no,no,yes,yes,yes,no,2,2,2,0,2,16
138,M,16,U,LE3,T,2,2,reputation,father,2,1,2,no,yes,no,yes,yes,yes,yes,no,2,3,3,8,4,27
139,F,15,U,GT3,T,4,4,course,mother,1,3,0,no,yes,yes,yes,yes,yes,yes,no,4,2,2,2,2,31
140,F,16,U,LE3,T,1,1,course,mother,1,1,0,no,no,no,no,yes,yes,yes,no,3,4,4,2,6,41
141,M,17,U,GT3,T,2,1,home,mother,1,1,3,no,yes,no,no,yes,yes,yes,no,5,4,5,0,3,5
142,F,15,U,GT3,T,1,1,course,father,1,2,0,no,yes,yes,no,yes,yes,yes,no,4,4,2,0,3,30
143,F,15,U,GT3,T,3,2,home,father,1,2,3,no,yes,no,no,yes,yes,yes,no,3,3,2,0,2,13
144,F,15,U,GT3,T,1,2,course,mother,1,2,0,no,yes,yes,no,no,yes,yes,no,4,3,2,2,2,32
145,M,16,U,GT3,T,4,4,course,mother,1,1,0,no,yes,no,no,yes,no,yes,yes,3,3,2,0,3,13
146,M,15,U,LE3,A,2,1,course,mother,4,1,3,no,no,no,no,yes,yes,yes,no,4,5,5,0,7,27
147,M,18,U,LE3,T,1,1,course,mother,1,1,3,no,no,no,no,yes,no,yes,yes,2,3,5,0,7,11
148,M,16,U,LE3,T,2,1,course,mother,1,1,1,no,no,no,yes,yes,yes,no,yes,4,4,4,6,8,39
149,F,15,R,GT3,T,3,3,reputation,other,2,3,2,no,yes,yes,yes,yes,yes,yes,yes,4,2,1,8,5,30
150,M,19,U,GT3,T,3,2,home,mother,1,1,3,no,yes,no,no,yes,no,yes,yes,4,5,4,0,2,5
151,F,17,U,GT3,T,4,4,course,mother,1,1,0,yes,yes,no,no,yes,yes,no,yes,4,2,1,0,2,34
152,M,15,R,GT3,T,2,3,course,mother,1,2,0,yes,no,yes,yes,yes,yes,no,no,4,4,4,2,2,27
153,M,17,R,LE3,T,1,2,reputation,mother,1,1,0,no,no,no,no,yes,yes,no,no,2,2,2,8,6,41
154,F,18,R,GT3,T,1,1,course,mother,3,1,3,no,yes,no,yes,no,yes,no,no,5,2,5,6,6,27
155,M,16,R,GT3,T,2,2,course,mother,3,1,0,no,no,no,no,no,yes,no,no,4,2,2,2,3,47
156,M,16,U,GT3,T,3,3,course,father,1,2,1,no,yes,yes,no,yes,yes,yes,yes,4,5,5,4,8,34
157,M,17,R,LE3,T,2,1,course,mother,2,1,2,no,no,no,yes,yes,no,yes,yes,3,3,2,0,4,13
158,M,15,R,GT3,T,3,2,course,mother,2,2,2,yes,yes,no,no,yes,yes,yes,yes,4,4,4,6,5,21
159,M,16,U,LE3,T,1,2,course,mother,2,1,1,no,no,no,yes,yes,yes,no,no,4,4,4,0,6,7
160,M,17,U,GT3,T,1,3,course,father,1,1,0,no,no,no,no,yes,no,yes,no,5,3,3,2,5,30
161,M,17,R,LE3,T,1,1,course,mother,4,2,3,no,no,no,yes,yes,no,no,yes,5,3,5,0,6,20
162,M,16,U,GT3,T,3,2,course,mother,2,1,1,no,yes,no,yes,no,no,no,no,4,5,2,16,2,35
163,M,16,U,GT3,T,2,2,course,father,1,2,0,no,no,no,no,yes,no,yes,no,4,3,5,4,6,30
164,F,16,U,GT3,T,4,2,home,father,1,2,0,no,no,yes,no,yes,yes,yes,yes,4,2,3,0,2,45
165,F,16,U,GT3,T,2,2,home,mother,1,2,0,no,yes,yes,no,no,yes,yes,no,5,1,5,0,2,13
166,F,16,U,GT3,T,4,4,reputation,mother,1,2,0,no,yes,yes,no,yes,yes,yes,yes,4,4,2,0,2,42
167,M,16,U,GT3,T,3,4,course,father,3,1,2,no,yes,no,yes,no,yes,yes,no,3,4,5,0,6,11
168,M,16,U,GT3,T,1,0,reputation,mother,2,2,0,no,yes,yes,yes,yes,yes,yes,yes,4,3,2,2,2,44
169,M,17,U,LE3,T,4,4,reputation,mother,1,2,0,no,yes,yes,yes,yes,yes,yes,no,4,4,4,0,4,34
170,F,16,U,GT3,T,1,3,home,mother,1,2,3,no,no,no,yes,no,yes,yes,yes,4,3,5,0,2,15
171,F,16,U,LE3,T,3,3,reputation,mother,2,2,0,no,yes,yes,yes,yes,yes,yes,no,4,4,5,4,2,30
172,M,17,U,LE3,T,4,3,course,mother,2,2,0,no,no,yes,yes,yes,yes,yes,no,4,4,4,4,8,28
173,F,16,U,GT3,T,2,2,reputation,mother,2,2,0,no,no,yes,yes,no,yes,yes,no,3,4,4,2,5,37
174,M,17,U,GT3,T,3,3,reputation,father,1,2,0,no,no,no,yes,no,yes,yes,no,4,3,4,4,5,17
175,M,16,R,GT3,T,4,2,other,mother,1,1,0,no,yes,no,yes,yes,yes,yes,yes,4,3,3,10,7,27
176,M,17,U,GT3,T,4,3,course,mother,1,2,0,no,yes,no,yes,yes,yes,yes,yes,5,2,3,4,2,31
177,M,16,U,GT3,T,4,3,home,mother,1,2,0,no,yes,yes,yes,yes,yes,yes,no,3,4,3,10,5,25
178,M,16,U,GT3,T,3,3,home,mother,1,2,0,no,no,yes,yes,yes,yes,yes,yes,4,2,3,2,3,37
179,F,17,U,GT3,T,2,4,reputation,father,1,2,0,no,yes,no,yes,yes,yes,no,no,5,4,2,0,5,50
180,F,16,U,GT3,T,3,2,reputation,mother,1,2,0,no,yes,yes,no,yes,yes,yes,no,1,2,2,14,3,37
181,M,17,U,GT3,T,3,3,other,mother,1,2,0,no,yes,no,yes,yes,yes,yes,yes,4,3,4,12,5,35
182,M,16,U,GT3,T,1,2,other,mother,1,1,0,no,yes,yes,yes,yes,yes,yes,yes,3,3,3,2,3,34
183,M,16,U,LE3,T,2,1,course,mother,1,2,0,no,no,yes,yes,yes,yes,yes,yes,4,2,3,0,3,45
184,F,17,U,GT3,A,3,3,reputation,mother,1,2,0,no,yes,no,no,no,yes,yes,yes,3,3,3,6,4,24
185,M,17,R,GT3,T,1,2,home,mother,1,2,0,no,no,no,no,yes,yes,no,no,3,1,3,4,6,27
186,F,16,U,GT3,T,2,3,course,mother,1,2,0,no,no,no,no,yes,yes,yes,no,4,3,3,10,2,36
187,F,17,U,GT3,T,1,1,course,mother,1,2,0,no,no,no,yes,yes,yes,yes,no,5,3,3,0,2,25
188,M,17,U,GT3,T,1,2,other,other,2,2,0,no,no,yes,yes,no,yes,yes,no,4,4,4,12,9,23
189,M,16,R,GT3,T,3,3,reputation,mother,1,1,0,no,yes,no,yes,yes,yes,yes,no,4,3,2,8,7,27
190,M,16,U,GT3,T,2,3,home,father,2,1,0,no,no,no,no,yes,yes,yes,no,5,3,3,0,2,41
191,F,17,U,LE3,T,2,4,course,father,1,2,0,no,no,no,yes,yes,yes,yes,yes,4,3,2,0,2,44
192,M,17,U,GT3,T,4,4,home,mother,1,1,0,no,no,no,no,yes,yes,yes,no,5,2,3,4,3,48
193,M,16,R,LE3,T,3,3,home,father,3,1,0,no,yes,yes,yes,yes,yes,yes,no,3,3,4,8,8,28
194,F,16,U,LE3,T,4,4,reputation,mother,1,2,0,no,yes,yes,no,yes,yes,yes,no,4,5,2,0,3,28
195,F,16,U,GT3,T,4,3,home,mother,1,2,0,no,yes,no,yes,yes,yes,yes,no,4,3,5,2,6,48
196,F,16,U,GT3,T,2,3,reputation,mother,1,2,0,yes,yes,yes,yes,yes,yes,no,no,4,4,3,6,4,28
197,F,17,U,GT3,T,1,1,course,mother,1,2,0,no,yes,yes,no,no,yes,no,no,4,4,4,4,4,28
198,F,17,R,GT3,T,2,2,reputation,mother,1,1,0,no,yes,no,no,yes,yes,yes,no,5,3,2,18,3,19
199,F,16,R,GT3,T,2,2,reputation,mother,2,4,0,no,yes,yes,yes,no,yes,yes,no,5,3,5,6,2,31
200,F,16,U,GT3,A,3,1,course,mother,1,2,3,no,yes,yes,no,yes,yes,yes,no,2,3,3,5,4,21
201,F,16,U,GT3,T,4,3,other,mother,1,2,0,no,no,yes,yes,yes,yes,yes,yes,1,3,2,10,2,36
202,F,16,U,GT3,T,1,1,home,mother,2,1,0,no,yes,yes,no,yes,yes,no,no,4,3,2,6,5,28
203,F,17,R,GT3,T,4,3,reputation,mother,2,3,0,no,yes,yes,yes,yes,yes,yes,yes,4,4,2,6,2,21
204,F,19,U,GT3,T,3,3,reputation,other,1,4,0,no,yes,yes,yes,yes,yes,yes,no,4,3,3,10,3,24
205,M,17,U,LE3,T,4,4,home,mother,1,2,0,no,yes,yes,no,yes,yes,yes,yes,5,3,5,13,9,37
206,F,16,U,GT3,A,2,2,reputation,mother,1,2,0,yes,yes,yes,no,yes,yes,yes,no,3,3,4,0,2,39
207,M,18,U,GT3,T,2,2,home,mother,1,2,1,no,yes,yes,yes,yes,yes,yes,no,4,4,4,15,6,21
208,F,17,R,LE3,T,4,4,other,mother,1,1,0,no,yes,yes,no,yes,yes,no,no,5,2,1,12,3,28
209,F,17,U,LE3,T,3,2,reputation,mother,2,2,0,no,no,yes,no,yes,yes,yes,no,4,4,4,2,4,44
210,F,17,U,GT3,T,4,3,reputation,mother,1,2,2,no,no,yes,no,yes,yes,yes,yes,3,4,5,22,6,16
211,M,18,U,LE3,T,3,3,home,father,1,2,1,no,yes,yes,no,yes,yes,yes,no,3,2,4,13,6,20
212,F,17,U,GT3,T,2,3,home,father,2,1,0,no,yes,yes,no,yes,yes,no,no,3,3,3,3,5,22
213,F,17,U,GT3,T,2,2,course,mother,1,3,0,no,yes,yes,yes,yes,yes,yes,no,4,3,3,4,2,29
214,F,17,R,GT3,T,2,1,reputation,mother,2,2,0,no,yes,no,yes,yes,yes,yes,no,4,2,5,2,3,18
215,F,17,U,GT3,T,1,1,reputation,mother,1,3,1,no,yes,no,yes,yes,yes,no,yes,4,3,4,0,2,11
216,F,16,U,GT3,T,2,3,other,mother,1,2,0,yes,no,no,no,yes,yes,yes,no,2,3,1,2,2,49
217,M,18,U,GT3,T,2,2,home,mother,2,2,0,no,yes,yes,no,yes,yes,yes,no,3,3,3,0,10,38
218,F,16,U,GT3,T,4,4,home,mother,1,3,0,no,yes,no,yes,no,yes,yes,no,5,3,2,0,2,40
219,F,18,R,GT3,T,3,1,reputation,mother,1,2,1,no,no,no,yes,yes,yes,yes,yes,5,3,3,16,2,24
220,F,17,U,GT3,T,3,2,course,mother,1,2,0,no,no,no,yes,no,yes,yes,no,5,3,4,10,4,46
221,M,17,U,LE3,T,2,3,reputation,father,1,2,0,no,yes,yes,no,no,yes,yes,no,5,3,3,2,4,35
222,M,18,U,LE3,T,2,1,course,mother,4,2,0,yes,yes,yes,yes,yes,yes,yes,yes,4,3,2,14,9,27
223,F,17,U,GT3,A,2,1,course,mother,2,3,0,no,no,no,yes,yes,yes,yes,yes,3,2,3,10,3,34
224,F,17,U,LE3,T,4,3,reputation,father,1,2,0,no,no,no,yes,yes,yes,yes,yes,3,2,3,14,3,40
225,M,17,R,GT3,T,2,2,course,father,2,2,0,no,yes,yes,yes,yes,yes,yes,no,4,5,2,4,2,33
226,M,17,U,GT3,T,4,4,reputation,mother,1,2,0,yes,yes,no,yes,yes,yes,yes,yes,4,5,5,14,4,29
227,M,16,U,GT3,T,4,4,reputation,father,1,2,0,no,yes,yes,yes,yes,yes,yes,no,4,2,4,2,6,40
228,M,16,U,LE3,T,1,1,home,mother,2,2,0,no,yes,yes,no,yes,yes,yes,no,3,4,2,18,2,22
229,M,16,U,GT3,T,3,2,reputation,mother,2,3,0,no,no,no,yes,yes,yes,yes,yes,5,3,3,10,4,30
230,M,17,U,LE3,T,2,2,home,father,1,2,0,no,no,yes,yes,no,yes,yes,yes,4,4,2,4,10,40
231,F,16,U,GT3,T,2,1,home,mother,1,1,0,no,no,no,no,yes,yes,yes,yes,4,5,2,20,2,37
232,F,17,R,GT3,T,2,1,course,mother,3,2,0,no,no,no,yes,yes,yes,no,no,2,1,1,2,2,35
233,M,18,U,GT3,T,2,2,reputation,father,1,2,1,no,no,no,no,yes,no,yes,no,5,5,4,0,8,14
234,M,17,U,LE3,T,4,3,course,mother,2,2,0,no,no,no,yes,yes,yes,yes,yes,2,5,5,14,5,36
235,M,17,R,LE3,A,4,4,course,mother,2,2,0,no,yes,yes,no,yes,yes,yes,no,3,3,3,2,5,33
236,M,16,U,LE3,T,4,3,course,mother,1,1,0,no,no,no,yes,no,yes,yes,no,5,4,5,0,2,6
237,M,16,U,GT3,T,4,4,course,mother,1,1,0,no,no,no,yes,yes,yes,yes,no,5,3,2,0,3,37
238,F,18,U,GT3,T,2,1,course,other,2,3,0,no,yes,yes,no,no,yes,yes,yes,4,4,4,0,2,7
239,M,16,U,GT3,T,2,1,course,mother,3,1,0,no,no,no,no,yes,yes,yes,no,4,3,3,6,2,54
240,M,17,U,GT3,T,2,3,course,father,2,1,0,no,no,no,no,yes,yes,yes,no,5,2,2,4,2,37
241,M,18,R,LE3,T,3,3,course,mother,1,2,1,no,yes,no,no,yes,yes,yes,yes,4,3,3,8,4,13
242,M,16,U,GT3,T,0,2,other,mother,1,1,0,no,no,yes,no,no,yes,yes,no,4,3,2,0,6,43
243,M,18,U,GT3,T,3,2,course,mother,2,1,1,no,no,no,no,yes,no,yes,no,4,4,5,0,6,22
244,M,16,U,GT3,T,3,3,reputation,other,3,2,0,yes,yes,no,no,no,yes,yes,no,5,3,3,6,4,27
245,M,18,U,GT3,T,2,1,other,mother,1,1,1,no,no,no,no,no,no,yes,no,3,2,5,4,7,23
246,M,16,R,GT3,T,2,1,course,mother,2,1,0,no,no,no,yes,no,yes,no,no,3,3,2,0,4,25
247,M,17,R,GT3,T,2,1,course,mother,1,1,0,no,no,no,no,no,yes,yes,no,4,4,2,0,6,32
248,M,17,U,LE3,T,1,1,course,mother,2,1,1,no,yes,no,yes,yes,yes,yes,no,4,4,4,2,3,24
249,F,17,U,LE3,T,4,2,reputation,mother,1,4,0,no,yes,yes,yes,yes,yes,yes,no,4,2,3,6,2,39
250,M,19,U,LE3,A,4,3,reputation,mother,1,2,0,no,yes,no,no,yes,yes,yes,no,4,3,1,12,2,33
251,M,18,U,GT3,T,2,1,home,mother,1,2,0,no,no,no,yes,yes,yes,yes,no,5,2,4,8,3,43
252,F,17,U,LE3,T,2,2,course,father,1,4,0,no,no,yes,yes,yes,yes,yes,yes,3,4,1,0,2,19
253,F,18,U,GT3,T,4,3,home,father,1,2,0,no,yes,yes,no,yes,yes,yes,yes,3,1,2,21,4,53
254,M,18,U,GT3,T,4,3,course,mother,1,2,0,no,yes,yes,no,no,yes,yes,no,4,3,2,2,2,24
255,M,18,R,GT3,T,3,2,course,mother,1,3,0,no,no,no,yes,no,yes,no,no,5,3,2,1,2,37
256,F,17,U,GT3,T,3,3,home,mother,1,3,0,no,no,no,yes,no,yes,no,no,3,2,3,4,2,28
257,F,18,U,GT3,T,2,2,home,mother,1,3,0,no,yes,yes,yes,yes,yes,yes,yes,4,3,3,0,2,19
258,M,18,R,LE3,A,3,4,reputation,mother,2,2,0,no,yes,yes,yes,yes,yes,yes,no,4,2,5,13,7,51
259,M,17,U,GT3,T,3,1,other,mother,1,2,0,no,no,yes,yes,yes,yes,yes,yes,5,4,4,2,7,28
260,F,18,R,GT3,T,4,4,reputation,mother,2,2,0,no,no,yes,yes,yes,yes,yes,no,4,3,4,8,4,33
261,M,18,U,GT3,T,4,2,reputation,father,1,2,0,no,yes,yes,yes,yes,yes,yes,yes,5,4,5,10,4,29
262,F,18,R,GT3,T,2,1,reputation,mother,2,2,0,no,yes,no,no,yes,no,yes,yes,4,3,5,0,3,6
263,F,19,U,GT3,T,3,3,home,other,1,2,2,no,yes,yes,yes,yes,yes,yes,no,4,3,5,15,6,27
264,F,18,U,GT3,T,2,3,reputation,father,1,4,0,no,yes,yes,yes,yes,yes,yes,yes,4,5,5,4,4,43
265,F,18,U,LE3,T,1,1,home,mother,2,2,0,no,yes,yes,no,no,yes,no,no,4,4,3,2,2,33
266,M,17,R,GT3,T,1,2,home,mother,1,2,0,no,yes,yes,yes,no,yes,no,yes,3,5,2,2,4,43
267,F,17,U,GT3,T,2,4,reputation,mother,2,2,0,no,yes,yes,no,yes,yes,yes,yes,4,3,3,2,2,30
268,F,17,U,LE3,T,2,2,course,mother,2,2,0,yes,yes,yes,no,yes,yes,yes,yes,4,4,4,6,5,36
269,M,18,U,GT3,T,4,4,home,mother,2,1,0,no,no,yes,yes,yes,yes,yes,no,3,2,4,22,5,27
270,F,18,U,GT3,T,4,4,reputation,father,1,2,1,yes,yes,no,yes,yes,yes,yes,yes,2,4,4,15,2,25
271,M,18,U,LE3,T,4,3,course,mother,2,1,0,no,no,yes,yes,yes,yes,yes,no,4,2,3,8,3,31
272,M,17,U,LE3,A,3,2,home,mother,1,1,1,no,no,no,no,yes,yes,yes,no,4,4,4,19,7,30
273,F,18,R,LE3,T,1,1,reputation,mother,2,4,0,no,yes,yes,yes,yes,yes,no,no,5,2,2,1,2,36
274,F,18,U,GT3,T,1,1,home,mother,2,2,0,yes,no,no,yes,yes,yes,yes,no,5,4,4,4,2,27
275,F,17,U,GT3,T,2,2,course,mother,1,2,0,no,yes,no,no,no,yes,yes,no,5,4,5,4,3,30
276,M,17,U,GT3,T,1,1,reputation,father,1,2,0,no,no,yes,no,no,yes,yes,no,4,3,3,2,3,33
277,F,18,U,GT3,T,2,2,other,mother,1,3,0,no,yes,yes,no,yes,yes,yes,no,4,3,3,5,3,55
278,F,17,U,GT3,T,1,1,reputation,mother,1,3,0,no,yes,yes,no,yes,yes,yes,no,4,3,3,6,2,37
279,M,18,U,GT3,T,2,1,reputation,mother,1,3,0,no,no,yes,yes,yes,yes,yes,no,4,2,4,6,4,43
280,M,18,U,LE3,A,4,4,reputation,mother,1,2,0,no,yes,yes,yes,yes,yes,yes,no,5,4,3,9,2,43
281,M,18,U,GT3,T,4,2,home,mother,1,2,0,no,yes,yes,yes,yes,yes,yes,yes,4,3,2,11,5,34
282,F,17,U,GT3,T,4,3,reputation,mother,1,3,0,no,yes,yes,no,yes,yes,yes,no,4,2,2,0,3,45
283,F,18,U,LE3,T,2,1,reputation,mother,1,2,1,no,no,no,no,yes,yes,yes,yes,5,4,3,12,2,37
284,F,17,R,LE3,T,3,1,reputation,mother,2,4,0,no,yes,yes,no,yes,yes,no,no,3,1,2,6,2,54
285,M,18,R,LE3,T,3,2,reputation,mother,2,3,0,no,yes,yes,yes,yes,yes,yes,no,5,4,2,8,2,41
286,M,17,U,GT3,T,3,3,home,mother,1,1,0,no,yes,yes,no,yes,yes,yes,no,4,4,3,4,4,37
287,F,19,U,GT3,T,4,4,reputation,other,2,2,0,no,yes,yes,yes,yes,yes,yes,no,2,3,4,0,5,19
288,F,18,U,LE3,T,4,3,home,other,2,2,0,no,yes,yes,no,yes,yes,yes,yes,4,4,5,10,3,26
289,F,18,U,GT3,T,4,3,reputation,father,1,4,0,no,yes,yes,no,yes,yes,yes,no,4,3,3,0,2,41
290,M,18,U,LE3,T,4,4,home,mother,1,1,0,no,yes,yes,no,yes,yes,yes,yes,1,4,2,5,4,47
291,F,18,U,LE3,A,4,4,home,mother,1,2,0,no,yes,no,no,yes,yes,yes,yes,4,2,4,14,2,33
292,M,17,U,LE3,T,4,4,home,father,2,1,0,no,no,yes,no,yes,yes,yes,no,4,1,1,0,4,32
293,F,17,U,GT3,T,4,2,reputation,mother,2,3,0,no,yes,yes,no,yes,yes,yes,no,4,3,3,0,2,41
294,F,17,U,GT3,T,3,2,reputation,father,1,4,0,no,yes,yes,yes,no,yes,yes,no,5,2,2,0,3,52
295,M,19,U,GT3,T,3,3,home,other,1,2,1,no,yes,no,yes,yes,yes,yes,yes,4,4,4,20,2,42
296,F,18,U,GT3,T,2,4,reputation,other,1,2,1,no,yes,yes,yes,yes,yes,yes,no,4,4,3,8,2,38
297,M,19,R,GT3,T,3,3,reputation,father,1,2,1,no,no,no,yes,yes,yes,no,yes,4,5,3,0,3,39
298,F,19,U,LE3,T,1,1,reputation,other,1,2,1,yes,yes,no,yes,no,yes,yes,no,4,4,3,18,4,32
299,F,19,U,LE3,T,1,2,home,other,1,2,1,no,no,no,yes,no,yes,no,yes,4,2,4,0,4,18
300,F,19,U,GT3,T,2,1,other,other,3,2,0,no,yes,no,no,yes,no,yes,yes,3,4,1,20,2,39
301,M,19,U,GT3,T,1,2,course,other,1,2,1,no,no,no,no,no,yes,yes,no,4,5,2,3,4,35
302,F,19,U,LE3,T,3,2,reputation,other,2,2,1,no,yes,yes,no,no,yes,yes,yes,4,2,2,22,3,34
303,F,19,U,GT3,T,1,1,home,other,1,3,2,no,no,no,no,no,yes,yes,yes,4,1,2,14,2,41
304,F,18,U,GT3,T,2,1,course,mother,2,2,0,no,yes,yes,yes,yes,yes,yes,no,5,3,3,0,3,16
305,F,18,U,GT3,T,4,3,course,mother,1,3,0,no,yes,yes,yes,yes,yes,yes,yes,4,3,4,9,2,28
306,F,17,R,GT3,T,3,4,course,father,1,3,0,no,yes,yes,yes,no,yes,yes,no,4,3,4,0,7,32
307,F,18,U,GT3,T,4,4,course,mother,1,2,0,no,yes,yes,no,yes,yes,yes,no,4,4,4,2,6,33
308,F,17,U,GT3,T,2,2,course,mother,1,2,0,no,yes,no,no,yes,yes,no,yes,4,2,2,12,2,29
309,F,17,R,LE3,T,2,2,course,mother,1,3,0,no,yes,yes,yes,yes,yes,yes,no,3,3,2,3,4,33
310,F,17,U,GT3,T,3,1,course,father,1,3,0,no,yes,no,no,no,yes,yes,no,3,4,3,1,5,41
311,F,17,U,LE3,T,0,2,home,father,2,3,0,no,no,no,no,yes,yes,yes,no,3,3,3,0,5,46
312,M,18,U,GT3,T,4,4,course,mother,1,3,0,no,no,no,yes,yes,yes,yes,no,4,3,3,3,4,32
313,M,17,U,GT3,T,3,3,reputation,mother,1,1,0,no,no,no,yes,no,yes,yes,no,4,3,5,3,8,45
314,M,17,R,GT3,T,2,2,course,mother,4,1,0,no,yes,no,no,yes,yes,yes,no,4,4,5,8,10,31
315,F,17,U,GT3,T,4,4,course,mother,1,3,0,no,yes,yes,yes,yes,yes,yes,no,5,4,4,7,4,28
316,F,17,U,GT3,T,4,4,course,mother,2,3,0,no,yes,yes,no,no,yes,yes,yes,4,3,3,4,3,42
317,M,18,U,LE3,T,2,2,course,mother,1,4,0,no,yes,no,yes,yes,yes,yes,no,4,5,5,2,6,25
318,F,17,R,GT3,T,2,4,course,father,1,3,0,no,yes,no,no,yes,yes,yes,yes,4,4,3,7,2,40
319,F,18,U,GT3,T,3,3,home,mother,1,2,0,no,no,no,yes,yes,yes,yes,no,5,3,4,0,2,7
320,F,18,U,LE3,T,2,2,home,other,1,2,0,no,no,no,yes,no,yes,yes,yes,4,3,3,0,2,16
321,F,18,R,GT3,T,2,2,course,mother,2,4,0,no,no,no,yes,yes,yes,no,no,4,4,4,0,2,19
322,F,17,U,GT3,T,3,4,course,mother,1,3,0,no,no,no,no,yes,yes,yes,no,4,4,5,16,4,46
323,F,19,R,GT3,A,3,1,home,other,1,3,1,no,no,yes,no,yes,yes,no,no,5,4,3,12,3,40
324,F,17,U,GT3,T,3,2,home,mother,1,2,0,no,yes,yes,no,yes,yes,yes,yes,4,3,2,0,5,15
325,F,18,U,LE3,T,3,3,home,mother,1,4,0,no,yes,no,no,yes,yes,yes,no,5,3,3,7,2,48
326,F,17,R,GT3,A,3,2,home,mother,1,2,0,no,yes,yes,no,yes,yes,yes,no,4,3,3,4,5,29
327,F,19,U,GT3,T,2,1,home,other,1,3,1,no,no,yes,yes,yes,yes,yes,yes,4,3,4,4,4,34
328,M,18,U,GT3,T,4,4,home,father,1,2,1,no,yes,no,yes,yes,yes,yes,no,4,3,3,0,4,20
329,M,18,U,LE3,T,3,4,home,mother,1,2,0,no,no,no,yes,yes,yes,yes,yes,4,3,3,11,4,46
330,F,17,U,GT3,A,2,2,home,father,1,2,1,no,yes,no,no,yes,yes,yes,yes,3,3,1,0,3,17
331,F,18,U,GT3,T,2,3,course,mother,1,3,0,no,yes,no,no,yes,yes,yes,no,4,3,3,4,3,31
332,F,18,U,GT3,T,3,2,other,mother,1,3,0,no,no,no,no,yes,yes,yes,yes,5,4,3,7,5,40
333,M,18,R,GT3,T,4,3,course,mother,1,3,0,no,no,no,no,yes,yes,yes,yes,5,3,2,9,3,47
334,M,18,U,GT3,T,4,3,course,mother,1,3,0,no,yes,yes,no,yes,yes,yes,yes,5,4,5,0,5,29
335,F,17,U,GT3,T,4,3,reputation,mother,1,3,0,no,yes,yes,yes,yes,yes,yes,yes,4,4,3,0,4,43
336,M,18,R,GT3,T,3,2,course,mother,2,1,1,no,yes,no,no,no,yes,yes,no,2,5,5,10,10,37
337,M,19,R,GT3,T,1,1,home,other,3,2,3,no,no,no,no,yes,yes,yes,no,5,4,4,8,6,23
338,M,17,U,GT3,T,3,3,course,mother,2,2,0,no,yes,yes,no,yes,yes,yes,no,4,5,4,2,5,39
339,M,18,U,LE3,T,1,3,course,mother,1,1,1,no,no,no,no,yes,no,yes,yes,4,3,3,7,5,23
340,M,19,R,GT3,T,1,1,home,other,3,1,1,no,yes,no,no,yes,yes,yes,no,4,4,4,4,6,24
341,M,17,R,GT3,T,4,3,home,mother,2,2,0,no,yes,yes,yes,no,yes,yes,yes,4,5,5,4,4,35
342,F,18,U,GT3,T,3,3,course,father,1,2,0,no,yes,no,no,yes,yes,no,yes,5,3,4,0,2,28
343,F,17,R,GT3,T,4,4,other,father,2,2,0,no,yes,yes,yes,yes,yes,yes,no,4,3,3,4,3,38
344,F,17,U,LE3,A,3,2,reputation,mother,2,2,0,no,no,no,no,yes,yes,no,yes,1,2,3,2,3,35
345,M,18,U,LE3,T,1,1,home,father,2,1,0,no,no,no,no,no,yes,yes,yes,3,3,2,4,3,30
346,F,18,U,LE3,T,1,1,course,father,2,3,0,no,no,no,no,yes,yes,yes,no,5,3,2,0,2,50
347,F,18,R,LE3,A,1,4,course,mother,3,2,0,no,no,no,no,yes,yes,no,yes,4,3,4,0,5,39
348,M,18,R,LE3,T,1,1,other,mother,2,2,1,no,no,no,yes,no,no,no,no,4,4,3,2,5,37
349,F,18,U,GT3,T,3,3,other,mother,2,2,0,no,yes,no,no,yes,yes,yes,yes,4,3,2,0,4,32
350,F,17,U,LE3,T,4,4,course,mother,1,2,0,no,yes,yes,yes,yes,yes,yes,yes,2,3,4,0,2,46
351,F,17,R,GT3,T,1,2,course,father,2,2,0,no,no,no,no,no,yes,no,no,3,2,2,0,3,35
352,M,18,R,GT3,T,1,3,course,mother,2,2,0,no,yes,yes,no,yes,yes,no,no,3,3,4,4,6,30
353,M,18,U,LE3,T,4,4,other,mother,2,3,0,no,no,yes,no,yes,yes,yes,yes,4,2,2,0,4,39
354,F,17,R,GT3,T,1,1,reputation,mother,3,1,1,no,yes,yes,no,yes,yes,yes,yes,5,2,1,0,3,13
355,F,18,U,GT3,T,2,3,course,father,2,1,0,no,yes,yes,no,yes,yes,yes,yes,5,2,3,0,3,31
356,F,18,R,GT3,T,4,4,other,father,3,2,0,no,yes,yes,no,no,yes,yes,yes,3,2,2,10,6,37
357,F,19,U,LE3,T,3,2,home,other,2,2,2,no,no,no,yes,yes,yes,no,yes,3,2,2,4,2,23
358,M,18,R,LE3,T,1,2,other,father,3,1,0,no,yes,yes,yes,yes,no,yes,yes,4,3,3,3,5,38
359,F,17,U,GT3,T,2,2,home,mother,1,3,0,no,no,no,yes,yes,yes,no,yes,3,4,3,8,2,35
360,F,17,R,GT3,T,1,2,course,mother,1,1,0,no,no,no,yes,yes,yes,yes,no,3,5,5,14,4,16
361,F,18,R,LE3,T,4,4,reputation,mother,2,3,0,no,no,no,no,yes,yes,yes,no,5,4,4,0,2,56
362,F,18,R,GT3,T,1,1,home,mother,4,3,0,no,no,no,no,yes,yes,yes,no,4,3,2,2,3,26
363,F,18,R,LE3,T,4,4,course,mother,1,2,0,no,no,yes,yes,yes,yes,yes,no,5,4,3,4,7,27
364,F,18,U,GT3,T,3,3,home,mother,1,2,0,no,no,yes,no,yes,yes,yes,yes,4,1,3,0,3,45
365,F,17,R,GT3,T,3,1,reputation,mother,1,2,0,no,yes,yes,yes,no,yes,yes,no,4,5,4,17,5,30
366,M,18,U,GT3,T,4,4,home,father,1,2,0,no,no,yes,yes,no,yes,yes,no,3,2,4,4,5,43
367,M,18,R,GT3,T,2,1,other,mother,2,1,0,no,no,no,yes,no,yes,yes,yes,4,4,3,5,4,20
368,M,17,U,GT3,T,2,3,home,father,2,2,0,no,no,no,yes,yes,yes,yes,no,4,4,3,2,2,32
369,M,19,R,GT3,T,1,1,other,mother,2,1,1,no,no,no,no,yes,yes,no,no,4,3,2,0,4,11
370,M,18,R,GT3,T,4,2,home,father,2,1,1,no,no,yes,no,yes,yes,no,no,5,4,3,14,7,16
371,F,18,R,GT3,T,2,2,other,mother,2,3,0,no,no,yes,no,yes,yes,no,no,5,3,3,2,4,29
372,F,18,R,GT3,T,4,4,reputation,mother,3,1,0,no,yes,yes,yes,yes,yes,yes,yes,4,4,3,7,4,17
373,F,19,R,GT3,T,2,3,course,mother,1,3,1,no,no,no,yes,no,yes,yes,no,5,4,2,0,3,12
374,F,18,U,LE3,T,3,1,course,mother,1,2,0,no,yes,yes,no,yes,yes,yes,no,4,3,4,0,2,24
375,F,18,U,GT3,T,1,1,course,mother,2,2,1,no,no,no,yes,yes,yes,no,no,1,1,1,0,2,11
376,M,17,U,LE3,T,3,1,course,mother,2,1,0,no,no,no,no,no,yes,yes,no,2,4,5,3,7,46
377,M,18,R,LE3,T,3,2,course,mother,3,1,0,no,no,no,no,no,yes,yes,no,4,4,1,0,7,33
378,M,19,U,LE3,T,1,1,course,father,1,1,0,no,no,no,no,yes,yes,yes,no,3,2,3,5,6,26
379,F,18,U,GT3,A,4,4,course,mother,2,2,0,yes,no,no,no,yes,yes,no,no,4,3,4,4,2,22
380,F,17,U,GT3,T,1,1,course,father,1,2,0,no,yes,no,no,no,yes,yes,no,5,3,3,2,2,31
381,F,15,U,LE3,T,1,1,other,mother,1,2,0,yes,no,no,no,yes,yes,yes,no,4,3,2,6,5,37
382,F,15,U,GT3,T,4,2,home,mother,1,3,0,no,yes,no,yes,yes,yes,yes,yes,3,2,2,0,2,42
383,F,16,U,GT3,T,3,3,home,father,1,2,0,no,yes,no,no,yes,yes,no,no,4,3,2,0,3,37
384,M,16,U,LE3,T,4,3,reputation,mother,1,2,0,no,yes,no,yes,yes,yes,yes,no,5,4,2,6,3,37
385,M,16,U,LE3,T,2,2,home,mother,1,2,0,no,no,no,no,yes,yes,yes,no,4,4,4,0,2,38
386,F,17,U,GT3,A,4,4,home,mother,2,2,0,yes,yes,no,no,yes,yes,no,no,4,1,4,2,2,36
387,M,15,U,LE3,A,3,2,home,mother,1,2,0,no,yes,no,no,yes,yes,yes,no,4,2,2,0,2,48
388,M,15,U,GT3,T,3,4,home,mother,1,2,0,no,yes,no,yes,yes,yes,yes,no,5,5,1,0,2,37
389,F,15,U,GT3,T,4,4,reputation,mother,1,2,0,no,yes,no,no,yes,yes,yes,no,3,3,3,2,3,42
390,F,15,U,GT3,T,2,1,reputation,father,3,3,0,no,yes,no,yes,yes,yes,yes,no,5,2,2,0,2,35
391,M,15,U,LE3,T,4,4,course,father,1,1,0,no,yes,no,yes,yes,yes,yes,no,4,3,3,0,4,37
392,M,15,U,GT3,T,4,3,course,mother,2,2,0,no,yes,no,no,yes,yes,yes,no,5,4,3,0,3,37
393,M,15,U,GT3,A,2,2,home,other,1,3,0,no,yes,no,no,yes,yes,yes,yes,4,5,2,0,2,43
394,F,16,U,GT3,T,4,4,home,mother,1,1,0,no,yes,no,no,yes,yes,yes,no,4,4,4,6,3,51
395,F,16,U,GT3,T,4,4,reputation,mother,1,3,0,no,yes,no,yes,yes,yes,yes,no,3,2,3,10,3,40
396,F,16,U,GT3,T,3,3,reputation,mother,3,2,0,yes,yes,no,yes,yes,yes,no,no,5,3,2,2,2,41
397,M,17,U,GT3,T,3,2,course,mother,1,1,3,no,yes,yes,yes,yes,yes,yes,no,5,5,5,2,6,23
398,M,16,U,LE3,T,4,3,home,father,1,1,0,no,no,no,yes,yes,yes,yes,no,3,1,3,6,4,36
399,M,15,U,GT3,T,4,3,reputation,mother,1,2,0,no,no,no,no,yes,yes,yes,no,4,4,1,0,2,39
400,M,15,U,GT3,T,4,4,other,father,1,1,0,no,yes,yes,no,yes,yes,yes,no,5,4,2,0,2,35
401,M,16,U,LE3,T,4,2,course,mother,1,2,0,no,no,no,yes,yes,yes,yes,no,4,5,1,0,4,39
402,M,16,U,LE3,T,2,2,reputation,mother,2,2,0,no,yes,no,yes,yes,yes,yes,no,5,4,4,2,6,30
403,F,15,R,GT3,T,2,4,course,mother,1,3,0,yes,yes,no,yes,yes,yes,yes,no,4,3,2,2,2,31
404,F,16,U,GT3,T,2,2,home,mother,1,1,0,no,yes,no,no,no,yes,yes,no,1,2,2,6,4,33
405,M,15,U,GT3,T,2,2,home,mother,1,1,0,no,yes,no,no,yes,yes,yes,no,4,2,2,8,3,35
406,M,15,U,GT3,T,4,2,other,mother,1,1,0,no,no,no,no,yes,yes,yes,no,2,2,4,0,6,33
407,M,16,U,LE3,A,3,4,home,mother,1,2,0,yes,yes,yes,yes,yes,yes,yes,no,5,3,3,2,2,37
408,M,16,U,GT3,T,4,4,home,mother,1,2,0,no,yes,yes,yes,yes,yes,yes,yes,4,4,5,4,10,35
409,M,15,U,GT3,T,4,4,home,mother,1,2,0,no,yes,yes,no,no,yes,yes,no,5,4,2,0,7,32
410,M,15,U,GT3,T,4,4,reputation,mother,2,2,0,no,yes,no,yes,yes,yes,yes,no,4,3,1,2,2,45
411,M,15,R,GT3,T,4,3,course,mother,1,2,0,no,yes,no,yes,yes,yes,yes,yes,4,5,2,0,2,42
412,M,15,U,LE3,T,3,3,course,mother,1,2,0,no,no,no,yes,no,yes,yes,no,5,3,2,0,2,37
413,M,16,U,GT3,T,3,2,home,mother,1,1,0,no,yes,no,no,no,yes,yes,no,5,4,3,4,2,36
414,F,15,U,GT3,T,2,3,other,father,2,1,0,no,yes,no,yes,yes,yes,no,no,3,5,1,4,2,33
415,M,15,U,LE3,T,4,3,home,mother,1,3,0,no,yes,no,yes,yes,yes,yes,no,5,4,3,0,2,42
416,M,16,R,GT3,A,4,4,reputation,mother,2,3,0,no,yes,no,yes,yes,yes,yes,yes,2,4,3,4,2,39
417,F,15,R,GT3,T,3,4,course,mother,1,3,0,yes,yes,no,yes,yes,yes,yes,no,4,3,2,2,2,35
418,F,15,R,GT3,T,2,2,reputation,mother,1,1,0,yes,yes,no,yes,yes,yes,no,no,4,3,1,8,2,39
419,F,16,U,LE3,T,2,2,home,mother,2,2,0,no,yes,no,yes,no,yes,yes,yes,3,3,3,16,3,32
420,M,15,U,LE3,T,4,4,home,other,1,1,0,no,yes,no,no,no,yes,yes,yes,5,4,3,8,6,32
421,M,15,U,GT3,T,4,4,course,father,1,2,0,no,yes,no,yes,yes,yes,yes,no,4,3,3,0,2,44
422,M,15,U,GT3,T,2,2,course,father,1,1,0,yes,yes,no,no,yes,yes,yes,no,5,4,1,0,2,29
423,F,16,U,LE3,T,2,2,course,father,2,2,1,yes,no,no,yes,yes,yes,yes,no,4,3,3,14,4,32
424,F,15,U,LE3,A,4,3,course,mother,1,2,0,yes,yes,yes,yes,yes,yes,yes,yes,5,2,2,4,2,32
425,F,16,U,LE3,A,3,3,home,mother,1,2,0,no,yes,no,no,yes,yes,yes,no,2,3,5,6,5,38
426,M,16,U,GT3,T,4,3,reputation,mother,1,4,0,no,no,no,yes,yes,yes,yes,no,4,2,2,2,2,51
427,M,15,U,GT3,T,4,2,home,mother,1,2,0,no,yes,no,no,yes,yes,no,no,4,3,3,4,4,36
428,F,15,U,GT3,T,4,4,other,father,1,2,0,yes,yes,no,yes,no,yes,yes,no,4,4,4,2,2,37
429,F,16,U,LE3,T,2,2,course,mother,3,2,0,no,yes,no,no,yes,yes,yes,no,4,3,3,0,5,40
430,F,15,U,LE3,T,4,2,other,mother,1,2,0,no,yes,no,no,yes,yes,yes,no,4,3,3,0,2,46
431,M,15,U,LE3,A,4,2,other,father,2,1,0,no,no,no,no,yes,yes,no,no,5,5,5,4,7,28
432,F,15,U,GT3,T,4,4,course,mother,1,1,0,yes,yes,no,no,yes,yes,yes,no,3,3,4,0,5,37
433,F,15,U,LE3,A,3,3,other,mother,1,1,0,no,no,no,no,yes,yes,yes,no,5,3,4,0,8,38
434,F,16,U,GT3,A,2,1,other,mother,1,2,0,no,no,no,yes,yes,yes,yes,yes,5,3,4,2,2,37
435,F,15,U,GT3,A,4,3,reputation,mother,1,2,0,no,yes,no,yes,yes,yes,yes,no,4,3,2,0,2,44
436,M,15,U,GT3,T,4,4,reputation,mother,1,2,0,no,yes,no,yes,yes,yes,no,no,3,2,2,8,2,46
437,M,15,U,LE3,T,1,2,home,father,1,2,0,yes,yes,no,yes,yes,yes,yes,no,4,3,2,0,2,41
438,F,16,U,GT3,T,4,2,course,mother,1,2,0,no,yes,yes,no,yes,yes,yes,no,4,2,3,2,2,47
439,F,16,R,GT3,T,4,4,other,mother,1,2,0,no,yes,no,yes,yes,yes,no,no,2,4,4,0,5,49
440,F,16,U,GT3,T,1,1,course,father,4,1,0,yes,yes,no,yes,no,yes,yes,yes,5,5,5,0,10,36
441,F,16,U,LE3,T,1,2,reputation,father,1,2,0,yes,no,no,yes,yes,yes,yes,no,4,4,3,0,2,36
442,F,16,U,GT3,T,4,3,home,mother,1,3,0,yes,yes,no,yes,yes,yes,yes,no,3,4,4,0,6,40
443,F,15,U,LE3,T,4,3,reputation,father,1,2,0,yes,no,no,yes,yes,yes,yes,yes,4,4,4,0,6,37
444,F,16,U,LE3,T,4,3,course,mother,3,2,0,no,yes,no,yes,yes,yes,yes,no,5,4,3,2,3,47
445,M,15,U,GT3,A,4,4,reputation,mother,1,4,0,no,yes,no,yes,no,yes,yes,yes,1,3,3,0,10,35
446,F,16,U,GT3,T,3,1,course,mother,1,4,0,yes,yes,no,no,yes,yes,yes,no,4,3,3,0,3,29
447,F,15,R,LE3,T,2,2,reputation,mother,2,2,0,yes,yes,no,no,yes,yes,yes,no,4,1,3,0,4,32
448,F,15,R,LE3,T,3,1,reputation,father,2,4,0,no,yes,no,no,no,yes,yes,no,4,4,2,6,5,45
449,M,16,U,GT3,T,3,1,reputation,father,2,4,0,no,yes,no,no,yes,yes,yes,no,4,3,2,2,2,35
450,M,15,U,GT3,T,4,2,course,mother,1,4,0,no,no,no,no,yes,yes,yes,no,3,3,3,0,2,30
451,F,15,R,GT3,T,1,1,reputation,mother,1,2,0,yes,yes,no,no,no,yes,yes,yes,3,3,4,2,6,35
452,M,16,U,GT3,T,3,1,reputation,mother,1,1,0,no,no,no,yes,yes,yes,no,no,5,3,2,0,4,40
453,F,16,U,GT3,T,3,3,home,mother,1,2,0,yes,yes,no,yes,yes,yes,yes,no,4,3,3,4,6,33
454,M,15,U,GT3,T,4,3,home,mother,1,2,0,no,yes,no,yes,yes,yes,yes,no,4,3,3,0,5,33
455,M,15,U,GT3,T,4,0,course,mother,2,4,0,no,no,no,yes,yes,yes,yes,no,3,4,3,0,2,34
456,F,16,U,GT3,T,2,2,reputation,mother,1,4,0,no,no,no,no,yes,yes,yes,yes,5,2,3,1,4,39
457,M,17,U,GT3,T,2,1,home,mother,2,1,3,yes,yes,no,yes,yes,no,yes,no,4,5,1,0,2,28
458,F,16,U,GT3,T,3,4,course,mother,1,2,0,no,yes,no,no,yes,yes,yes,no,2,4,3,14,3,34
459,M,15,U,GT3,T,2,3,course,father,1,1,0,yes,yes,no,yes,no,yes,yes,yes,3,2,2,0,4,34
460,M,15,U,GT3,T,2,3,home,mother,1,3,0,yes,no,no,no,no,yes,yes,no,5,3,2,2,3,28
461,F,15,U,LE3,T,3,2,reputation,mother,1,2,0,no,yes,no,no,yes,yes,yes,no,4,4,4,4,2,34
462,M,15,U,LE3,T,2,2,home,mother,2,2,0,no,no,yes,yes,yes,yes,yes,no,5,3,3,2,4,38
463,F,15,U,GT3,T,1,1,home,father,1,2,0,no,yes,no,yes,no,yes,yes,no,4,3,2,2,5,37
464,F,15,U,GT3,T,4,4,reputation,father,2,2,0,no,no,no,no,yes,yes,yes,yes,4,4,4,4,5,35
465,F,16,U,LE3,T,2,2,course,mother,1,2,0,no,yes,no,no,yes,yes,no,no,4,3,4,6,3,35
466,F,15,U,GT3,T,4,2,reputation,mother,1,3,0,no,yes,no,yes,yes,yes,yes,no,5,3,3,4,4,45
467,M,16,U,GT3,T,2,2,reputation,father,2,2,0,no,no,no,yes,no,yes,yes,no,4,4,2,6,2,33
468,M,16,U,LE3,A,4,4,reputation,mother,1,2,0,no,yes,no,no,yes,yes,no,no,4,1,3,6,8,28
469,F,16,U,GT3,T,3,3,home,mother,1,3,0,no,yes,no,no,yes,yes,yes,yes,4,3,3,2,4,31
470,F,15,U,GT3,T,4,3,reputation,mother,1,1,0,no,no,no,yes,yes,yes,yes,no,4,5,5,6,4,40
471,F,16,U,LE3,T,3,1,home,father,1,2,0,yes,yes,no,no,yes,yes,no,no,3,3,3,0,5,37
472,F,16,U,GT3,T,4,2,home,mother,2,2,0,no,yes,no,yes,yes,yes,yes,no,5,3,3,2,2,41
473,M,15,U,LE3,T,2,2,reputation,mother,1,4,0,no,yes,no,yes,yes,yes,yes,no,4,3,4,2,2,35
474,F,15,R,GT3,T,1,1,home,mother,2,4,0,yes,yes,yes,yes,yes,yes,yes,no,3,1,2,4,2,39
475,M,16,R,GT3,T,4,3,reputation,mother,2,1,0,yes,yes,yes,yes,no,yes,yes,no,3,3,3,6,2,31
476,F,16,U,GT3,T,2,1,course,mother,1,2,0,no,yes,no,no,yes,yes,no,yes,4,3,5,0,2,37
477,F,16,U,GT3,T,4,4,reputation,mother,1,1,0,no,no,no,yes,no,yes,yes,no,5,3,4,4,3,38
478,F,16,U,GT3,T,4,3,course,mother,1,3,0,yes,yes,no,no,yes,yes,yes,no,5,3,5,2,2,38
479,M,16,U,GT3,T,4,4,other,mother,1,1,0,yes,yes,no,yes,yes,yes,yes,no,4,5,5,12,10,26
480,M,16,U,GT3,T,4,4,other,father,1,3,0,no,yes,no,yes,yes,yes,yes,yes,4,4,3,0,2,48
481,M,15,U,GT3,T,4,4,course,mother,1,1,0,no,yes,yes,yes,no,yes,yes,no,5,3,3,2,2,37
482,F,15,U,GT3,T,3,2,home,mother,2,2,0,yes,yes,no,no,yes,yes,yes,no,4,3,5,16,2,31
483,M,15,U,GT3,A,3,4,course,mother,1,2,0,no,yes,no,yes,yes,yes,yes,no,5,4,4,0,2,48
484,F,15,U,GT3,A,3,3,reputation,father,1,4,0,yes,no,no,no,yes,yes,no,no,4,3,3,10,2,30
485,F,15,U,GT3,T,2,2,course,mother,1,4,0,yes,yes,no,no,yes,yes,yes,no,5,1,2,4,2,30
486,M,16,U,GT3,T,3,3,home,father,1,3,0,no,yes,no,yes,yes,yes,yes,no,5,3,3,4,2,41
487,M,15,R,GT3,T,4,4,home,father,4,4,0,no,yes,no,yes,yes,yes,yes,yes,1,3,5,8,8,33
488,F,16,U,LE3,T,4,4,other,mother,1,3,0,no,yes,no,yes,yes,yes,yes,yes,5,4,5,2,2,44
489,M,15,U,LE3,A,4,4,course,mother,1,1,0,no,no,no,yes,yes,yes,yes,no,5,5,3,4,2,41
490,F,16,R,GT3,T,3,3,reputation,father,1,3,0,yes,yes,no,yes,yes,yes,yes,no,4,1,2,4,2,33
491,F,16,U,GT3,T,2,2,home,mother,1,2,1,yes,no,no,yes,yes,yes,yes,no,3,1,2,12,2,28
492,M,15,U,LE3,T,4,2,course,mother,1,1,0,no,no,no,no,yes,yes,yes,no,3,5,2,10,2,53
493,M,15,R,GT3,T,2,1,reputation,mother,1,2,0,no,no,no,yes,yes,yes,yes,yes,5,4,2,4,2,29
494,M,16,U,GT3,T,4,4,course,father,1,2,0,no,yes,no,yes,yes,yes,yes,no,5,4,4,6,3,44
495,M,15,U,GT3,T,4,4,reputation,father,2,2,0,no,yes,no,yes,yes,yes,no,no,4,4,3,4,2,47
496,M,16,U,GT3,T,3,3,home,father,2,1,0,no,no,no,yes,yes,yes,yes,no,5,4,2,6,2,43
497,M,17,R,GT3,T,1,3,course,father,3,2,1,no,yes,no,yes,yes,yes,yes,no,5,2,4,14,5,34
498,M,15,U,GT3,T,3,4,reputation,father,1,1,0,no,no,no,no,yes,yes,yes,no,3,4,3,2,3,41
499,F,15,U,GT3,T,1,2,course,mother,1,2,0,no,no,no,no,no,yes,yes,no,3,2,3,0,3,42
500,M,15,U,GT3,T,2,2,home,father,1,4,0,no,yes,no,yes,yes,yes,yes,no,5,5,4,6,3,40
501,F,16,U,LE3,T,2,4,course,father,2,2,0,no,yes,no,yes,yes,yes,yes,yes,4,2,2,2,3,39
502,M,16,U,GT3,T,4,4,course,mother,1,1,0,no,yes,no,yes,yes,yes,yes,no,3,4,4,4,5,38
503,F,16,U,GT3,T,2,2,home,mother,1,2,0,no,no,no,no,yes,yes,yes,yes,5,4,4,0,2,34
504,M,15,U,GT3,T,3,4,home,father,1,1,0,yes,no,no,no,yes,yes,yes,no,5,5,5,2,5,27
505,F,15,U,LE3,A,3,4,home,mother,1,2,0,yes,no,no,yes,yes,yes,yes,yes,5,3,2,0,2,32
506,F,19,U,GT3,T,0,1,course,other,1,2,2,no,yes,no,no,no,no,no,no,3,4,2,0,2,30
507,M,16,R,GT3,T,4,4,course,mother,1,1,0,no,no,no,yes,yes,yes,yes,no,3,5,5,8,7,43
508,M,16,U,GT3,T,2,3,course,mother,2,3,0,no,yes,no,no,no,yes,yes,yes,3,2,3,4,4,38
509,F,15,R,GT3,T,3,4,course,father,2,3,0,no,yes,no,no,yes,yes,yes,yes,4,2,2,0,4,33
510,F,18,U,GT3,T,2,1,reputation,mother,1,2,3,no,yes,no,yes,yes,no,yes,yes,5,4,5,10,4,27
511,F,17,U,LE3,A,2,1,course,mother,3,1,0,no,yes,no,no,yes,yes,yes,no,3,2,2,8,3,32
512,F,15,U,GT3,T,1,1,course,mother,3,1,0,no,yes,no,yes,no,yes,yes,yes,4,3,3,6,3,36
513,F,17,U,LE3,T,2,2,course,father,1,1,0,no,yes,no,no,yes,yes,yes,yes,3,4,4,2,4,37
514,F,16,U,GT3,A,3,4,course,father,1,1,0,no,no,no,no,yes,yes,yes,no,3,2,1,12,5,42
515,M,16,U,GT3,T,2,1,course,mother,4,1,0,no,no,no,no,yes,yes,no,no,3,2,1,4,2,29
516,F,16,U,GT3,A,2,2,home,mother,1,1,1,no,no,no,no,yes,yes,no,no,5,3,4,12,2,35
517,M,15,R,GT3,T,3,4,course,mother,4,2,0,no,yes,no,no,yes,yes,no,yes,5,3,3,2,2,34
518,F,15,U,GT3,T,4,4,course,mother,1,3,0,no,yes,no,yes,yes,yes,yes,yes,4,3,3,4,2,42
519,M,17,R,GT3,T,3,4,course,mother,3,2,0,no,no,no,no,yes,yes,no,no,5,4,5,2,6,29
520,F,16,R,GT3,T,1,1,course,mother,4,2,0,no,yes,no,no,yes,yes,no,no,5,1,3,0,2,40
521,M,18,U,LE3,T,3,1,course,mother,2,1,0,no,no,no,yes,yes,yes,yes,yes,3,3,4,2,9,34
522,F,18,U,GT3,A,3,2,course,other,1,3,0,no,yes,no,yes,no,yes,yes,yes,4,3,3,10,6,34
523,F,16,R,GT3,T,1,1,reputation,mother,2,1,0,no,yes,no,yes,yes,yes,no,yes,3,3,3,8,3,34
524,F,16,U,GT3,A,3,3,course,other,2,1,0,no,yes,no,yes,no,yes,yes,yes,4,3,2,4,2,28
525,M,16,U,LE3,T,1,1,course,mother,1,2,2,no,no,no,no,yes,yes,no,yes,4,4,4,0,4,30
526,F,15,U,GT3,T,4,4,course,mother,2,1,0,no,no,no,yes,yes,yes,yes,no,4,3,2,6,2,41
527,F,15,R,GT3,T,1,1,course,mother,3,1,1,no,no,no,yes,yes,yes,yes,yes,5,5,5,2,2,26
528,M,15,U,GT3,T,4,3,course,father,2,4,0,yes,yes,no,no,yes,yes,yes,no,2,2,2,6,2,31
529,M,16,U,GT3,T,4,4,course,mother,1,3,0,no,yes,no,yes,yes,yes,yes,no,5,3,3,0,4,41
530,M,16,U,LE3,T,2,2,reputation,father,2,1,0,no,yes,no,yes,yes,yes,yes,no,2,3,3,4,4,34
531,F,15,U,GT3,T,4,4,course,mother,1,3,0,no,yes,no,yes,yes,yes,yes,no,4,2,2,2,2,39
532,F,16,U,LE3,T,1,1,course,mother,1,1,0,no,no,no,no,yes,yes,yes,no,3,4,4,4,6,32
533,M,17,U,GT3,T,2,1,home,mother,1,1,0,no,yes,no,no,yes,yes,yes,no,5,4,5,22,3,22
534,F,15,U,GT3,T,1,1,course,father,1,2,0,no,yes,no,no,yes,yes,yes,no,4,4,2,0,3,36
535,F,15,U,LE3,A,2,1,home,mother,2,1,0,no,yes,no,yes,yes,no,yes,yes,4,4,2,0,2,31
536,F,15,U,GT3,T,3,2,home,father,1,2,1,no,yes,no,no,yes,yes,yes,no,3,3,2,2,2,33
537,F,15,U,GT3,T,1,2,course,mother,1,2,0,no,yes,no,no,no,yes,yes,no,4,3,2,6,2,38
538,F,15,U,GT3,T,1,2,course,father,1,2,0,no,no,no,no,no,yes,no,yes,2,3,4,6,6,33
539,M,16,U,GT3,T,4,4,course,mother,1,1,0,no,yes,no,no,yes,no,yes,yes,3,3,2,16,3,26
540,M,15,U,LE3,A,2,1,course,mother,4,1,0,no,no,no,no,yes,yes,yes,no,4,5,5,0,7,34
541,M,18,U,LE3,T,1,1,course,mother,1,1,2,no,no,no,no,yes,no,yes,yes,2,3,5,0,7,20
542,M,16,U,LE3,T,2,1,course,mother,1,1,1,no,no,no,yes,yes,yes,no,yes,4,4,4,6,8,29
543,F,15,R,GT3,T,3,3,reputation,other,2,3,0,no,yes,yes,yes,yes,yes,yes,yes,4,2,1,2,5,39
544,M,19,U,GT3,T,3,2,home,mother,1,1,0,no,yes,no,no,yes,no,yes,yes,4,5,4,6,2,31
545,F,17,U,GT3,T,4,4,course,mother,1,1,0,yes,yes,no,no,yes,yes,no,yes,4,2,1,0,2,39
546,M,15,R,GT3,T,2,3,course,mother,1,2,0,yes,no,yes,yes,yes,yes,no,no,4,4,4,0,2,23
547,M,17,R,LE3,T,1,2,reputation,mother,1,1,3,no,no,no,no,yes,yes,no,no,2,2,2,14,6,27
548,F,18,R,GT3,T,1,1,course,mother,3,1,3,no,yes,no,yes,no,yes,no,no,5,2,5,6,6,32
549,M,16,R,GT3,T,2,2,course,mother,3,1,0,no,no,no,no,no,yes,no,no,4,2,2,4,3,33
550,M,16,U,GT3,T,3,3,course,father,1,2,1,no,yes,no,no,yes,yes,yes,yes,4,5,5,0,8,21
551,M,16,U,LE3,T,1,2,course,mother,2,1,2,no,no,no,no,no,yes,yes,no,4,4,5,0,8,27
552,M,17,R,LE3,T,2,1,course,mother,2,1,1,no,no,yes,yes,yes,no,yes,yes,3,3,2,8,4,25
553,M,17,R,GT3,T,3,2,course,mother,2,2,2,yes,yes,no,no,yes,yes,yes,yes,4,4,4,4,5,21
554,M,15,U,LE3,T,1,2,course,mother,2,1,0,no,no,no,yes,yes,yes,no,no,4,4,4,2,6,27
555,M,16,U,GT3,T,1,3,course,father,1,1,1,no,no,no,no,yes,no,yes,no,5,3,3,2,5,25
556,M,17,R,LE3,T,1,1,course,mother,4,2,0,no,no,no,yes,yes,no,no,yes,5,3,5,0,6,24
557,M,17,U,GT3,T,3,2,course,mother,2,1,3,no,yes,no,yes,no,no,no,no,4,5,2,10,2,23
558,M,16,U,GT3,T,2,2,course,father,1,2,0,no,no,no,no,yes,no,yes,no,4,3,5,0,6,30
559,F,16,U,GT3,T,4,2,home,father,1,2,0,no,no,no,no,yes,yes,yes,yes,4,2,3,0,2,52
560,F,16,U,GT3,T,2,2,home,mother,1,2,0,no,yes,no,no,no,yes,yes,no,5,1,5,0,2,37
561,F,16,U,GT3,T,4,4,reputation,mother,1,2,0,no,yes,no,no,yes,yes,yes,yes,4,4,2,0,2,49
562,M,16,U,GT3,T,3,4,course,father,3,1,1,no,yes,no,yes,no,yes,yes,no,3,4,5,4,6,28
563,M,16,U,GT3,T,1,0,reputation,mother,2,2,0,no,yes,no,yes,yes,yes,yes,yes,4,3,2,0,2,51
564,M,17,U,LE3,T,4,4,reputation,mother,1,2,0,no,yes,no,yes,yes,yes,yes,no,4,4,4,0,4,30
565,F,16,U,GT3,T,1,3,home,mother,1,2,0,no,no,no,yes,no,yes,yes,yes,4,3,5,0,2,40
566,F,16,U,LE3,T,3,3,reputation,mother,2,2,0,no,yes,no,yes,yes,yes,yes,no,4,4,5,0,2,43
567,M,17,U,LE3,T,4,3,course,mother,2,2,0,no,no,no,yes,yes,yes,yes,no,4,4,4,0,8,32
568,F,16,U,GT3,T,2,2,reputation,mother,2,2,0,no,no,no,yes,no,yes,yes,no,3,4,4,0,5,39
569,M,17,U,GT3,T,3,3,reputation,father,1,2,0,no,no,no,yes,no,yes,yes,no,4,3,4,4,5,30
570,M,16,R,GT3,T,4,2,other,mother,1,1,0,no,yes,no,yes,yes,yes,yes,yes,4,3,3,8,7,30
571,M,17,U,GT3,T,4,3,course,mother,1,2,0,no,yes,yes,yes,yes,yes,yes,yes,5,2,3,4,2,35
572,M,16,U,GT3,T,4,3,home,mother,1,2,0,no,yes,yes,yes,yes,yes,yes,no,3,4,3,4,5,32
573,M,16,U,GT3,T,3,3,home,mother,1,2,0,no,no,no,yes,yes,yes,yes,yes,4,2,3,0,3,36
574,F,17,U,GT3,T,2,4,reputation,father,1,2,0,no,yes,no,yes,yes,yes,no,no,5,4,2,0,5,52
575,F,16,U,GT3,T,3,2,reputation,mother,1,2,0,no,yes,no,no,yes,yes,yes,no,1,2,2,8,3,45
576,M,17,U,GT3,T,3,3,other,mother,1,2,0,no,yes,no,yes,yes,yes,yes,yes,4,3,4,6,5,38
577,M,16,U,GT3,T,1,2,other,mother,1,1,0,no,yes,no,yes,yes,yes,yes,yes,3,3,3,0,3,30
578,M,16,U,LE3,T,2,1,course,mother,1,2,0,no,no,no,yes,yes,yes,yes,yes,4,2,3,0,3,43
579,F,17,U,GT3,A,3,3,reputation,mother,1,2,0,no,yes,no,no,no,yes,yes,yes,3,3,3,10,4,39
580,M,17,R,GT3,T,1,2,home,mother,1,2,0,no,no,no,no,yes,yes,no,no,3,1,3,6,6,28
581,F,16,U,GT3,T,2,3,course,mother,1,2,0,no,no,no,no,yes,yes,yes,no,4,3,3,6,2,37
582,F,17,U,GT3,T,1,1,course,mother,1,2,0,no,no,no,yes,yes,yes,yes,no,5,3,3,0,2,35
583,M,17,U,GT3,T,1,2,other,other,2,2,0,no,no,no,yes,no,yes,yes,no,4,4,4,16,9,33
584,M,16,R,GT3,T,3,3,reputation,mother,1,1,0,no,yes,no,yes,yes,yes,yes,no,4,3,2,0,7,31
585,M,16,U,GT3,T,2,3,home,father,2,1,0,no,no,no,no,yes,yes,yes,no,5,3,3,0,2,37
586,F,17,U,LE3,T,2,4,course,father,1,2,0,no,no,no,yes,yes,yes,yes,yes,4,3,2,8,2,45
587,M,17,U,GT3,T,4,4,home,mother,1,1,0,no,no,no,no,yes,yes,yes,no,5,2,3,4,3,40
588,M,16,R,LE3,T,3,3,home,father,3,1,0,no,yes,no,yes,yes,yes,yes,no,3,3,4,16,8,33
589,F,16,U,LE3,T,4,4,reputation,mother,1,2,0,no,yes,no,no,yes,yes,yes,no,4,5,2,0,3,32
590,F,16,U,GT3,T,4,3,home,mother,1,2,0,no,yes,no,yes,yes,yes,yes,no,4,3,5,2,6,43
591,F,16,U,GT3,T,2,3,reputation,mother,1,2,0,yes,yes,no,yes,yes,yes,no,no,4,4,3,4,4,35
592,F,17,U,GT3,T,1,1,course,mother,1,2,0,no,yes,no,no,no,yes,no,no,4,4,4,0,4,44
593,F,17,R,GT3,T,2,2,reputation,mother,1,1,0,no,yes,no,no,yes,yes,yes,no,5,3,2,21,3,39
594,F,16,R,GT3,T,2,2,reputation,mother,2,4,0,no,yes,no,yes,no,yes,yes,no,5,3,5,6,2,39
595,F,17,U,GT3,T,3,4,home,mother,1,3,1,no,yes,yes,no,yes,yes,yes,yes,4,4,3,14,7,25
596,F,16,U,GT3,A,3,1,course,mother,1,2,0,no,yes,no,no,yes,yes,yes,no,2,3,3,2,4,34
597,F,16,U,GT3,T,4,3,other,mother,1,2,0,no,no,no,yes,yes,yes,yes,yes,1,3,2,4,2,44
598,F,16,U,GT3,T,1,1,home,mother,2,1,0,no,yes,no,no,yes,yes,no,no,4,3,2,2,5,38
599,F,17,R,GT3,T,4,3,reputation,mother,2,3,0,no,yes,no,yes,yes,yes,yes,yes,4,4,2,0,2,35
600,F,19,U,GT3,T,3,3,reputation,other,1,4,0,no,yes,no,yes,yes,yes,yes,no,4,3,3,4,3,36
601,M,17,U,LE3,T,4,4,home,mother,1,2,0,no,yes,no,no,yes,yes,yes,yes,5,3,5,15,9,37
602,F,16,U,GT3,A,2,2,reputation,mother,1,2,0,yes,yes,no,no,yes,yes,yes,no,3,3,4,0,2,39
603,M,18,U,GT3,T,2,2,home,mother,1,2,0,no,yes,no,yes,yes,yes,yes,no,4,4,4,10,6,34
604,F,17,R,LE3,T,4,4,other,mother,1,1,0,no,yes,no,no,yes,yes,no,no,5,2,1,6,3,34
605,F,17,U,LE3,T,3,2,reputation,mother,2,2,0,no,no,no,no,yes,yes,yes,no,4,4,4,2,4,45
606,F,17,U,GT3,T,4,3,reputation,mother,1,2,0,no,no,no,no,yes,yes,yes,yes,3,4,5,16,6,30
607,M,18,U,LE3,T,3,3,home,father,1,2,0,no,yes,no,no,yes,yes,yes,no,3,2,4,10,6,30
608,F,17,U,GT3,T,2,3,home,father,2,1,0,no,yes,no,no,yes,yes,no,no,3,3,3,4,5,38
609,F,17,U,GT3,T,2,2,course,mother,1,3,0,no,yes,no,yes,yes,yes,yes,no,4,3,3,0,2,37
610,F,17,R,GT3,T,2,1,reputation,mother,2,2,0,no,yes,no,yes,yes,yes,yes,no,4,2,5,0,3,32
611,F,17,U,GT3,T,1,1,reputation,mother,1,3,0,no,yes,no,yes,yes,yes,no,yes,4,3,4,12,2,36
612,F,16,U,GT3,T,2,3,other,mother,1,2,0,yes,no,no,no,yes,yes,yes,no,2,3,1,0,2,40
613,M,18,U,GT3,T,2,2,home,mother,2,2,3,no,yes,yes,no,yes,yes,yes,no,3,3,3,9,10,29
614,F,16,U,GT3,T,4,4,home,mother,1,3,0,no,yes,no,yes,no,yes,yes,no,5,3,2,4,2,47
615,F,18,R,GT3,T,3,1,reputation,mother,1,2,0,no,no,no,yes,yes,yes,yes,yes,5,3,3,4,2,24
616,F,17,U,GT3,T,3,2,course,mother,1,2,0,no,no,no,yes,no,yes,yes,no,5,3,4,2,4,52
617,M,17,U,LE3,T,2,3,reputation,father,1,2,0,no,yes,no,no,no,yes,yes,no,5,3,3,0,4,32
618,M,18,U,LE3,T,2,1,course,mother,4,2,0,yes,yes,no,yes,yes,yes,yes,yes,4,3,2,2,9,30
619,F,17,U,GT3,A,2,1,course,mother,2,3,0,no,no,no,yes,yes,yes,yes,yes,3,2,3,0,3,46
620,F,17,U,LE3,T,4,3,reputation,father,1,2,0,no,no,no,yes,yes,yes,yes,yes,3,2,3,0,3,38
621,M,17,R,GT3,T,2,2,course,father,2,2,0,no,yes,no,yes,yes,yes,yes,no,4,5,2,0,2,38
622,M,17,U,GT3,T,4,4,reputation,mother,1,2,0,yes,yes,no,yes,yes,yes,yes,yes,4,5,5,0,4,39
623,M,16,U,GT3,T,4,4,reputation,father,1,2,0,no,yes,no,yes,yes,yes,yes,no,4,2,4,0,6,40
624,M,16,U,LE3,T,1,1,home,mother,2,2,0,no,yes,no,no,yes,yes,yes,no,3,4,2,2,2,27
625,M,16,U,GT3,T,3,2,reputation,mother,2,3,0,no,no,no,yes,yes,yes,yes,yes,5,3,3,0,4,36
626,M,17,U,LE3,T,2,2,home,father,1,2,0,no,no,no,yes,no,yes,yes,yes,4,4,2,0,10,48
627,F,16,U,GT3,T,2,1,home,mother,1,1,0,no,no,no,no,yes,yes,yes,yes,4,5,2,4,2,29
628,F,16,U,GT3,A,4,1,home,mother,1,2,0,no,no,no,yes,yes,yes,yes,yes,5,3,3,0,3,40
629,F,18,U,LE3,A,2,4,course,mother,2,2,1,no,yes,no,no,yes,yes,yes,no,4,3,3,18,2,30
630,F,18,U,LE3,T,2,2,course,mother,1,2,1,no,yes,no,no,no,yes,yes,yes,5,3,1,16,2,27
631,F,18,U,GT3,T,3,3,course,mother,2,1,1,no,no,no,no,yes,no,yes,no,4,1,1,14,2,22
632,M,17,U,GT3,T,4,4,course,mother,1,1,0,no,yes,no,yes,no,yes,yes,no,4,2,1,6,3,27
633,F,17,U,GT3,T,3,2,course,father,1,2,0,no,no,no,yes,yes,yes,no,no,5,4,2,4,2,43
634,F,17,U,LE3,T,1,1,course,mother,1,3,0,no,yes,no,yes,yes,yes,yes,yes,4,3,2,10,3,31
635,F,16,U,GT3,T,1,2,course,mother,1,1,0,no,no,no,no,yes,no,yes,no,5,3,5,4,3,34
636,F,17,R,GT3,T,2,1,course,mother,3,2,0,no,no,no,yes,yes,yes,no,no,2,1,1,2,2,39
637,F,17,R,LE3,A,1,4,course,other,4,1,1,no,yes,no,no,yes,yes,yes,no,5,5,4,14,2,26
638,M,18,U,GT3,T,2,2,reputation,father,1,2,0,no,no,no,no,yes,no,yes,no,5,5,4,16,8,23
639,F,17,U,LE3,A,2,2,home,mother,1,1,1,no,yes,no,no,no,no,yes,no,3,1,2,8,2,30
640,F,17,R,LE3,T,1,1,course,mother,2,3,0,no,no,no,yes,yes,yes,yes,no,4,3,3,4,4,44
641,F,17,U,LE3,A,4,2,course,mother,1,2,0,no,yes,no,yes,yes,yes,no,no,4,3,2,4,2,43
642,M,17,U,LE3,T,4,3,course,mother,2,2,0,no,no,no,yes,yes,yes,yes,yes,2,5,5,8,5,45
643,M,17,R,LE3,A,4,4,course,mother,2,2,0,no,yes,no,no,yes,yes,yes,no,3,3,3,0,5,36
644,M,16,U,LE3,T,4,3,course,mother,1,1,0,no,no,no,yes,no,yes,yes,no,5,4,5,7,2,43
645,M,16,U,GT3,T,4,4,course,mother,1,1,0,no,no,yes,yes,yes,yes,yes,no,5,3,2,4,3,44
646,F,17,U,GT3,T,4,4,course,mother,1,2,0,no,yes,yes,no,yes,yes,yes,yes,5,3,1,2,5,34
647,M,17,R,GT3,T,1,1,home,father,2,3,0,no,no,no,no,no,yes,yes,yes,4,3,3,2,2,42
648,F,17,U,GT3,T,3,3,home,mother,2,3,0,no,yes,no,no,yes,yes,yes,yes,4,2,2,10,5,33
649,F,17,U,GT3,T,1,1,course,mother,1,2,0,yes,no,no,no,no,yes,no,yes,4,3,2,10,2,29
650,F,18,U,GT3,T,2,1,course,other,2,3,0,no,yes,no,no,no,yes,yes,yes,4,4,4,10,2,33
651,M,16,U,GT3,T,2,1,course,mother,3,1,0,no,no,no,no,yes,yes,yes,no,4,3,3,7,2,47
652,F,17,U,GT3,T,1,1,course,father,1,2,0,no,yes,no,no,yes,yes,no,no,4,3,4,4,3,32
653,M,17,U,GT3,T,2,3,course,father,2,1,0,no,no,no,no,yes,yes,yes,no,5,2,2,2,2,34
654,M,18,R,LE3,T,3,3,course,mother,1,2,0,no,yes,no,no,yes,yes,yes,yes,4,3,3,8,4,29
655,M,16,U,GT3,T,0,2,other,mother,1,1,0,no,no,no,no,no,yes,yes,no,4,3,2,0,6,34
656,M,18,U,GT3,T,3,2,course,mother,2,1,0,no,no,no,no,yes,no,yes,no,4,4,5,8,6,22
657,M,16,U,GT3,T,3,3,reputation,other,3,2,1,yes,yes,no,no,no,yes,yes,no,5,3,3,4,4,30
658,M,18,U,GT3,T,2,1,other,mother,1,1,2,no,no,no,no,no,no,yes,no,3,2,5,4,7,21
659,M,16,R,GT3,T,2,1,course,mother,2,1,0,no,no,no,yes,no,yes,no,no,3,3,2,2,4,39
660,M,17,R,GT3,T,2,1,course,mother,1,1,0,no,no,no,no,no,yes,yes,no,4,4,2,0,6,37
661,M,17,U,LE3,T,1,1,course,mother,2,1,1,no,yes,no,yes,yes,yes,yes,no,4,4,4,0,3,29
662,F,18,U,LE3,A,2,1,course,mother,1,2,0,no,yes,no,no,no,yes,yes,yes,4,3,4,2,4,37
663,F,17,U,LE3,T,4,2,reputation,mother,1,4,0,no,yes,no,yes,yes,yes,yes,no,4,2,3,2,2,46
664,F,19,U,GT3,T,2,2,home,mother,1,2,0,no,yes,no,no,yes,yes,yes,no,4,3,3,0,2,31
665,M,18,U,LE3,T,2,1,course,mother,3,2,1,no,no,no,yes,no,no,yes,no,4,4,5,4,8,32
666,F,17,R,GT3,T,4,2,course,mother,1,3,0,no,yes,no,yes,yes,yes,yes,no,4,3,4,2,4,37
667,F,18,U,LE3,T,1,1,home,mother,1,3,0,no,yes,no,no,no,yes,no,no,4,4,3,4,5,37
668,F,18,R,GT3,T,2,2,home,mother,1,2,0,yes,no,no,no,yes,yes,no,no,3,2,3,4,2,35
669,M,19,U,LE3,A,4,3,reputation,mother,1,2,0,no,yes,no,no,yes,yes,yes,no,4,3,1,4,2,38
670,M,18,U,GT3,T,2,1,home,mother,1,2,0,no,no,no,yes,yes,yes,yes,no,5,2,4,2,3,48
671,M,17,R,GT3,T,2,2,other,mother,2,1,0,no,no,no,no,no,no,no,no,5,2,2,0,2,29
672,F,17,U,LE3,T,2,2,course,father,1,4,0,no,no,no,yes,yes,yes,yes,yes,3,4,1,2,2,33
673,F,18,U,GT3,T,4,3,home,father,1,2,0,no,yes,no,no,yes,yes,yes,yes,3,1,2,2,4,45
674,M,18,U,GT3,T,4,3,course,mother,1,2,0,no,yes,no,no,no,yes,yes,no,4,3,2,2,2,31
675,M,18,R,GT3,T,3,2,course,mother,1,3,0,no,no,no,yes,no,yes,no,no,5,3,2,2,2,33
676,F,17,U,GT3,T,3,3,home,mother,1,3,0,no,no,no,yes,no,yes,no,no,3,2,3,2,2,40
677,F,18,U,GT3,T,2,2,home,mother,1,3,0,no,yes,no,yes,yes,yes,yes,yes,4,3,3,0,2,36
678,M,17,U,GT3,T,2,2,home,father,2,1,0,no,no,no,no,yes,no,yes,no,4,4,4,8,5,25
679,M,18,R,LE3,A,3,4,reputation,mother,2,2,0,no,yes,no,yes,yes,yes,yes,no,4,2,5,6,7,47
680,M,17,U,GT3,T,3,1,other,mother,1,2,0,no,no,no,yes,yes,yes,yes,yes,5,4,4,0,7,36
681,F,18,R,GT3,T,4,4,reputation,mother,2,2,0,no,no,no,yes,yes,yes,yes,no,4,3,4,8,4,33
682,M,18,U,GT3,T,4,2,reputation,father,1,2,0,no,yes,no,yes,yes,yes,yes,yes,5,4,5,4,4,36
683,F,18,R,GT3,T,2,1,reputation,mother,2,2,0,no,yes,no,no,yes,no,yes,yes,4,3,5,12,3,27
684,F,19,U,GT3,T,3,3,home,other,1,2,0,no,yes,no,yes,yes,yes,yes,no,4,3,5,16,6,35
685,F,18,U,GT3,T,2,3,reputation,father,1,4,0,no,yes,no,yes,yes,yes,yes,yes,4,5,5,10,4,48
686,F,18,U,LE3,T,1,1,home,mother,2,2,0,no,yes,no,no,no,yes,no,no,4,4,3,2,2,39
687,M,17,R,GT3,T,1,2,home,mother,1,2,0,no,yes,no,yes,no,yes,no,yes,3,5,2,2,4,51
688,F,18,U,GT3,T,2,1,home,mother,1,2,0,no,yes,no,no,yes,yes,yes,yes,4,2,5,8,3,43
689,F,17,U,GT3,T,2,4,reputation,mother,2,2,0,no,yes,no,no,yes,yes,yes,yes,4,3,3,6,2,47
690,F,17,U,LE3,T,2,2,course,mother,2,2,0,yes,yes,no,no,yes,yes,yes,yes,4,4,4,6,5,36
691,F,18,R,GT3,A,3,2,home,mother,2,2,0,no,no,no,no,no,no,yes,yes,4,1,1,15,2,31
692,M,18,U,GT3,T,4,4,home,mother,2,1,0,no,no,no,yes,yes,yes,yes,no,3,2,4,6,5,35
693,F,18,U,GT3,T,4,4,reputation,father,1,2,1,yes,yes,no,yes,yes,yes,yes,yes,2,4,4,2,2,39
694,F,17,U,GT3,T,2,2,reputation,father,3,3,0,no,yes,no,no,yes,yes,yes,yes,4,2,3,8,2,43
695,F,19,R,GT3,T,3,2,reputation,father,1,2,1,yes,yes,no,no,yes,no,yes,no,3,3,3,0,7,27
696,M,18,U,LE3,T,4,3,course,mother,2,1,0,no,no,no,yes,yes,yes,yes,no,4,2,3,0,3,30
697,M,18,U,GT3,T,1,2,home,other,2,1,0,no,no,no,no,no,no,yes,no,3,4,4,10,6,31
698,M,17,U,LE3,A,4,1,home,mother,2,1,0,no,no,no,yes,yes,yes,yes,yes,4,5,4,22,6,32
699,M,17,U,LE3,A,3,2,home,mother,1,1,0,no,no,no,no,yes,yes,yes,no,4,4,4,18,7,39
700,F,18,R,LE3,T,1,1,reputation,mother,2,4,0,no,yes,no,yes,yes,yes,no,no,5,2,2,2,2,52
701,F,18,U,GT3,T,1,1,home,mother,2,2,0,yes,no,no,yes,yes,yes,yes,no,5,4,4,0,2,38
702,F,17,U,GT3,T,2,2,course,mother,1,2,0,no,yes,no,no,no,yes,yes,no,5,4,5,12,3,38
703,F,18,U,GT3,T,2,1,reputation,mother,2,2,0,no,no,no,yes,yes,yes,yes,yes,4,3,1,10,2,39
704,M,17,U,GT3,T,1,1,reputation,father,1,2,0,no,no,no,no,no,yes,yes,no,4,3,3,0,3,36
705,F,18,U,GT3,T,2,2,other,mother,1,3,0,no,yes,no,no,yes,yes,yes,no,4,3,3,0,3,54
706,F,17,U,GT3,T,1,1,reputation,mother,1,3,0,no,yes,no,no,yes,yes,yes,no,4,3,3,0,2,40
707,M,18,U,GT3,T,2,1,reputation,mother,1,3,0,no,no,no,yes,yes,yes,yes,no,4,2,4,0,4,44
708,M,18,U,LE3,A,4,4,reputation,mother,1,2,0,no,yes,no,yes,yes,yes,yes,no,5,4,3,0,2,51
709,M,18,U,GT3,T,4,2,home,mother,1,2,0,no,yes,no,yes,yes,yes,yes,yes,4,3,2,2,5,47
710,F,17,U,GT3,T,4,3,reputation,mother,1,3,0,no,yes,no,no,yes,yes,yes,no,4,2,2,0,3,53
711,F,17,R,LE3,T,3,1,reputation,mother,2,4,0,no,yes,no,no,yes,yes,no,no,3,1,2,0,2,56
712,M,18,R,LE3,T,3,2,reputation,mother,2,3,0,no,yes,no,yes,yes,yes,yes,no,5,4,2,0,2,44
713,M,17,U,GT3,T,3,3,home,mother,1,1,0,no,yes,no,no,yes,yes,yes,no,4,4,3,0,4,44
714,F,19,U,GT3,T,4,4,reputation,other,2,2,0,no,yes,no,yes,yes,yes,yes,no,2,3,4,2,5,40
715,F,18,U,LE3,T,4,3,home,other,2,2,0,no,yes,no,no,yes,yes,yes,yes,4,4,5,0,3,41
716,F,18,U,GT3,T,4,3,reputation,father,1,4,0,no,yes,no,no,yes,yes,yes,no,4,3,3,0,2,50
717,M,18,U,LE3,T,4,4,home,mother,1,1,0,no,yes,no,no,yes,yes,yes,yes,1,4,2,0,4,53
718,F,18,U,LE3,A,4,4,home,mother,1,2,0,no,yes,yes,no,yes,yes,yes,yes,4,2,4,0,2,44
719,M,17,U,LE3,T,4,4,home,father,2,1,0,no,no,no,no,yes,yes,yes,no,4,1,1,0,4,38
720,F,17,R,GT3,T,4,4,reputation,mother,2,3,0,no,yes,no,yes,yes,yes,yes,no,5,3,4,0,2,22
721,F,17,U,GT3,T,4,2,reputation,mother,2,3,0,no,yes,no,no,yes,yes,yes,no,4,3,3,0,2,48
722,F,17,U,GT3,T,3,2,reputation,father,1,4,0,no,yes,no,yes,no,yes,yes,no,5,2,2,0,3,54
723,M,19,R,LE3,T,2,1,course,mother,2,3,1,no,no,no,yes,yes,yes,yes,yes,4,3,1,0,2,30
724,M,19,R,GT3,T,3,3,reputation,father,1,2,0,no,no,no,yes,yes,yes,no,yes,4,5,3,0,3,31
725,F,18,U,GT3,T,1,4,home,mother,1,2,0,yes,yes,no,no,no,yes,no,yes,3,4,4,2,3,31
726,F,18,U,GT3,T,2,1,course,mother,2,2,0,no,yes,no,yes,yes,yes,yes,no,5,3,3,2,3,39
727,F,17,U,GT3,T,2,3,course,father,2,2,0,no,no,no,yes,yes,yes,yes,yes,4,2,1,2,2,37
728,F,17,R,GT3,T,4,4,course,mother,1,1,0,no,no,no,yes,yes,yes,yes,no,4,4,4,2,2,48
729,F,18,U,GT3,T,4,3,course,mother,1,3,0,no,yes,no,yes,yes,yes,yes,yes,4,3,4,2,2,46
730,F,18,U,LE3,T,4,3,course,mother,2,1,0,no,yes,no,no,yes,yes,yes,no,3,2,4,8,5,39
731,F,17,R,GT3,T,3,4,course,father,1,3,0,no,yes,no,yes,no,yes,yes,no,4,3,4,2,7,47
732,F,18,U,GT3,T,3,3,course,father,1,2,0,no,yes,no,no,yes,yes,yes,no,4,1,4,8,2,37
733,M,19,U,GT3,T,4,2,course,mother,2,2,0,no,yes,no,yes,yes,yes,yes,yes,5,4,4,9,2,31
734,F,18,U,GT3,T,4,4,course,mother,1,2,0,no,yes,no,no,yes,yes,yes,no,4,4,4,0,6,36
735,F,18,U,GT3,T,3,4,course,mother,1,1,0,no,yes,no,yes,yes,yes,yes,yes,5,4,4,4,2,37
736,F,17,U,GT3,T,4,4,course,mother,1,1,0,no,no,no,yes,yes,yes,yes,no,5,3,4,2,3,46
737,F,17,U,GT3,A,4,3,course,mother,1,2,0,no,yes,no,no,yes,yes,yes,yes,5,2,2,14,3,46
738,F,17,U,LE3,A,3,3,home,mother,1,2,0,yes,yes,no,no,yes,yes,yes,no,5,3,3,0,2,37
739,F,17,U,LE3,T,2,1,home,father,1,2,0,no,no,no,yes,yes,yes,yes,no,4,2,3,2,4,37
740,M,18,U,LE3,T,4,4,reputation,father,1,1,0,no,yes,no,no,yes,yes,yes,no,4,2,5,2,7,28
741,F,19,U,GT3,T,1,1,course,other,3,3,0,no,no,no,yes,yes,no,no,yes,1,5,5,12,7,31
742,F,19,U,LE3,A,1,1,course,other,3,2,2,no,yes,no,no,no,yes,yes,yes,5,3,4,2,2,25
743,F,18,U,GT3,T,2,2,course,mother,1,1,0,no,yes,no,yes,yes,yes,yes,yes,4,3,5,2,6,30
744,F,17,U,GT3,T,2,2,course,mother,1,2,0,no,yes,no,no,yes,yes,no,yes,4,2,2,4,2,40
745,F,17,R,LE3,T,2,2,course,mother,1,3,0,no,yes,no,yes,yes,yes,yes,no,3,3,2,0,4,32
746,F,17,U,GT3,T,3,1,course,father,1,3,0,no,yes,no,no,no,yes,yes,no,3,4,3,0,5,52
747,F,17,U,LE3,T,0,2,home,father,2,3,0,no,no,no,no,yes,yes,yes,no,3,3,3,0,5,43
748,F,18,U,GT3,T,1,1,home,mother,2,3,0,no,no,no,yes,yes,yes,yes,no,4,5,5,0,3,42
749,M,18,U,GT3,T,4,4,course,mother,1,3,0,no,no,no,yes,yes,yes,yes,no,4,3,3,0,4,40
750,M,17,U,GT3,T,3,3,reputation,mother,1,1,0,no,no,no,yes,no,yes,yes,no,4,3,5,0,8,52
751,M,17,R,GT3,T,2,2,course,mother,4,1,0,no,yes,no,no,yes,yes,yes,no,4,4,5,2,10,31
752,F,17,U,GT3,T,4,4,course,mother,1,3,0,no,yes,no,yes,yes,yes,yes,no,5,4,4,0,4,38
753,F,17,U,GT3,T,4,4,course,mother,2,3,0,no,yes,no,no,no,yes,yes,yes,4,3,3,4,3,44
754,F,17,U,GT3,T,3,3,course,mother,1,1,0,no,yes,yes,yes,yes,yes,yes,no,4,2,5,2,7,34
755,M,18,U,LE3,T,2,2,course,mother,1,4,0,no,yes,yes,yes,yes,yes,yes,no,4,5,5,0,6,34
756,M,19,R,GT3,T,3,2,home,other,1,1,0,no,yes,no,no,no,yes,no,yes,5,3,4,0,4,31
757,F,18,U,GT3,T,2,2,course,mother,4,2,0,no,no,no,yes,yes,yes,no,yes,4,2,5,2,2,29
758,F,17,R,GT3,T,2,4,course,father,1,3,0,no,yes,no,no,yes,yes,yes,yes,4,4,3,0,2,45
759,M,18,U,GT3,T,2,2,reputation,mother,1,1,0,no,no,no,no,no,yes,yes,no,5,4,2,6,3,44
760,F,18,U,GT3,T,3,3,home,mother,1,2,0,no,no,no,yes,yes,yes,yes,no,5,3,4,8,2,33
761,F,18,U,LE3,T,2,2,home,other,1,2,0,no,no,no,yes,no,yes,yes,yes,4,3,3,0,2,31
762,F,18,R,GT3,T,2,2,course,mother,2,4,0,no,no,no,yes,yes,yes,no,no,4,4,4,6,2,41
763,F,17,U,GT3,T,3,4,course,mother,1,3,0,no,no,no,no,yes,yes,yes,no,4,4,5,8,4,38
764,F,17,U,GT3,T,3,2,home,mother,1,2,0,no,yes,no,no,yes,yes,yes,yes,4,3,2,0,5,40
765,F,18,U,LE3,T,3,3,home,mother,1,4,0,no,yes,no,no,yes,yes,yes,no,5,3,3,4,2,43
766,F,17,R,GT3,A,3,2,home,mother,1,2,0,no,yes,no,no,yes,yes,yes,no,4,3,3,0,5,44
767,M,18,U,GT3,T,4,4,home,father,1,2,0,no,yes,no,yes,yes,yes,yes,no,4,3,3,0,4,37
768,M,18,U,LE3,T,3,4,home,mother,1,2,0,no,no,no,yes,yes,yes,yes,yes,4,3,3,6,4,49
769,F,17,U,GT3,A,2,2,home,father,1,2,0,no,yes,no,no,yes,yes,yes,yes,3,3,1,18,3,36
770,F,18,U,GT3,T,2,3,course,mother,1,3,0,no,yes,no,no,yes,yes,yes,no,4,3,3,0,3,37
771,F,18,U,GT3,T,3,2,other,mother,1,3,0,no,no,no,no,yes,yes,yes,yes,5,4,3,4,5,47
772,M,18,R,GT3,T,4,3,course,mother,1,3,0,no,no,no,no,yes,yes,yes,yes,5,3,2,4,3,46
773,M,18,U,GT3,T,4,3,course,mother,1,3,0,no,yes,no,no,yes,yes,yes,yes,5,4,5,0,5,41
774,F,17,U,GT3,T,4,3,reputation,mother,1,3,0,no,yes,no,yes,yes,yes,yes,yes,4,4,3,0,4,36
775,F,17,U,GT3,T,2,1,course,mother,2,2,0,no,yes,no,yes,yes,yes,yes,yes,4,3,4,10,4,42
776,F,17,U,GT3,T,2,1,reputation,mother,1,2,0,no,yes,no,yes,yes,yes,yes,no,4,3,5,4,6,44
777,F,19,U,LE3,A,2,3,home,other,2,1,1,no,no,no,no,yes,no,yes,no,2,2,3,16,7,32
778,F,17,U,GT3,T,3,1,home,mother,1,1,1,no,yes,yes,no,yes,yes,yes,yes,4,1,2,6,2,36
779,M,18,U,LE3,T,2,2,reputation,mother,1,2,0,no,yes,no,yes,no,no,yes,no,4,4,4,11,4,32
780,M,18,U,LE3,A,3,4,reputation,other,1,2,0,no,no,no,yes,yes,yes,yes,yes,4,3,5,9,5,42
781,F,17,U,GT3,T,2,2,reputation,mother,1,2,0,no,yes,no,yes,yes,yes,yes,no,4,3,4,0,4,47
782,M,17,U,LE3,A,4,4,reputation,mother,1,3,0,no,yes,no,no,yes,yes,yes,no,4,4,2,2,3,42
783,F,18,U,LE3,T,4,2,course,mother,1,2,0,no,yes,no,yes,yes,yes,yes,no,4,2,2,0,2,48
784,F,19,U,GT3,T,4,4,home,other,1,1,1,no,yes,no,no,yes,yes,yes,yes,3,2,5,5,8,30
785,M,17,U,LE3,A,3,2,reputation,mother,1,2,0,no,yes,no,no,yes,yes,yes,no,4,4,4,10,3,52
786,F,18,U,GT3,T,3,2,reputation,father,1,3,0,no,yes,no,no,yes,yes,yes,yes,4,3,4,5,3,48
787,M,18,R,GT3,T,2,3,reputation,father,1,1,0,no,no,no,no,yes,yes,yes,no,3,1,3,13,9,41
788,M,19,U,GT3,T,2,1,reputation,mother,1,1,0,no,no,no,no,yes,yes,yes,no,5,3,4,10,5,29
789,F,18,U,LE3,A,2,2,reputation,mother,2,2,0,no,yes,no,no,yes,yes,yes,no,4,1,4,10,4,48
790,F,18,U,GT3,T,3,2,home,mother,1,2,0,no,yes,no,yes,no,yes,yes,yes,3,1,2,4,3,36
791,F,16,U,GT3,T,1,3,other,father,2,1,0,no,yes,no,no,yes,no,yes,yes,4,3,3,11,4,32
792,F,16,R,GT3,T,2,2,course,mother,2,2,0,no,yes,no,yes,yes,yes,yes,no,4,4,4,0,2,36
793,F,15,R,GT3,T,1,1,other,mother,1,1,1,no,yes,no,no,yes,yes,no,yes,4,1,3,6,2,30
794,F,15,R,GT3,T,3,3,course,mother,2,1,0,no,yes,no,no,yes,yes,yes,no,5,4,4,4,5,31
795,F,16,R,GT3,T,2,3,course,mother,2,2,0,no,no,no,no,yes,yes,no,no,4,5,2,0,3,50
796,F,15,R,LE3,T,2,1,home,mother,2,1,0,no,no,no,no,yes,no,no,no,1,3,4,0,2,23
797,M,16,R,LE3,A,4,4,home,mother,1,2,0,no,yes,no,no,yes,yes,no,no,5,3,2,5,4,32
798,M,16,U,GT3,A,1,2,other,mother,1,3,0,yes,no,no,no,yes,yes,yes,no,4,4,3,0,2,32
799,F,17,R,GT3,T,3,2,course,father,1,2,1,no,no,no,no,yes,yes,no,yes,4,5,4,0,3,30
800,F,17,R,GT3,T,1,1,other,father,1,1,1,no,yes,no,no,no,no,yes,no,5,4,4,0,4,19
801,F,15,R,GT3,T,4,4,course,mother,2,1,0,no,no,no,no,yes,yes,yes,yes,1,5,1,0,8,41
802,F,16,U,LE3,A,2,2,reputation,mother,2,4,0,no,no,no,yes,no,no,no,yes,1,2,1,4,2,30
803,F,15,R,LE3,T,1,1,reputation,father,2,2,0,no,yes,no,no,yes,yes,yes,no,5,4,3,0,3,30
804,F,15,R,LE3,T,1,1,course,mother,2,1,1,no,yes,no,no,yes,yes,yes,yes,4,4,3,4,3,21
805,F,16,R,GT3,T,0,2,other,mother,2,1,0,no,yes,no,yes,yes,yes,no,no,3,2,3,0,3,35
806,F,17,R,GT3,T,2,3,course,mother,2,1,0,no,yes,no,no,yes,yes,yes,no,5,5,5,2,4,33
807,F,15,R,GT3,T,3,3,course,father,2,1,0,no,no,no,no,no,yes,yes,no,4,1,3,0,2,46
808,M,16,U,GT3,T,1,1,home,mother,2,2,0,no,yes,no,yes,yes,yes,no,yes,5,4,5,0,9,7
809,M,17,U,GT3,T,1,1,home,mother,1,2,0,no,no,yes,no,no,yes,yes,no,4,4,3,4,6,26
810,M,15,R,LE3,T,4,1,reputation,father,1,2,0,no,yes,no,yes,yes,yes,yes,no,5,3,4,0,3,39
811,M,15,R,LE3,T,4,1,reputation,father,1,2,0,no,yes,no,yes,yes,yes,yes,no,5,3,4,7,3,24
812,M,16,R,GT3,T,3,4,other,mother,3,2,0,no,no,no,no,no,yes,no,no,3,4,5,4,3,30
813,M,15,R,GT3,T,1,1,course,mother,4,2,0,no,yes,no,yes,yes,yes,no,yes,5,4,5,8,6,25
814,M,15,U,LE3,T,3,3,reputation,father,1,2,0,no,yes,no,yes,yes,yes,yes,no,5,3,3,0,2,33
815,M,17,R,GT3,T,2,1,other,mother,3,1,0,no,no,no,yes,yes,no,no,yes,5,5,5,8,10,27
816,F,16,R,GT3,T,4,4,course,mother,2,3,0,no,no,no,yes,yes,yes,yes,yes,4,2,2,6,2,49
817,F,15,R,GT3,T,1,2,course,mother,2,1,0,no,no,no,no,yes,yes,no,no,5,1,2,3,2,37
818,F,16,R,GT3,T,2,3,course,mother,3,2,0,no,yes,no,no,yes,yes,yes,no,4,5,4,2,3,45
819,M,16,R,GT3,T,1,2,course,father,2,2,0,no,no,no,no,yes,yes,no,no,4,3,3,0,2,32
820,F,16,R,GT3,T,2,2,course,mother,3,2,0,no,yes,no,no,yes,yes,yes,no,4,4,5,4,2,30
821,F,16,U,GT3,T,1,2,course,mother,1,3,1,no,yes,no,no,yes,yes,no,no,1,3,2,0,3,26
822,F,16,U,GT3,T,1,2,course,mother,1,3,1,no,yes,no,no,yes,yes,no,no,1,3,2,3,3,25
823,F,15,U,GT3,T,2,1,home,mother,1,2,0,yes,yes,no,no,no,yes,yes,no,4,4,2,0,6,28
824,F,16,U,GT3,T,1,1,course,father,1,2,0,no,yes,no,no,no,yes,no,yes,5,4,3,0,3,42
825,M,17,R,LE3,T,1,2,reputation,mother,1,1,0,no,yes,no,yes,yes,yes,yes,no,5,5,5,4,10,32
826,F,16,R,GT3,T,1,1,home,father,4,4,0,no,yes,no,no,no,yes,yes,no,4,3,2,0,2,36
827,F,16,R,GT3,T,1,1,other,father,4,3,0,yes,yes,no,no,yes,yes,no,no,4,4,3,2,2,29
828,F,15,R,GT3,T,1,1,home,father,2,2,0,no,yes,no,yes,yes,yes,yes,no,4,3,3,1,2,32
829,F,16,R,GT3,T,1,1,other,mother,2,1,0,no,no,no,yes,yes,yes,yes,yes,4,2,2,0,7,39
830,F,15,R,GT3,T,1,1,course,father,3,2,0,no,yes,no,no,yes,yes,no,no,4,2,1,0,3,41
831,F,15,R,LE3,T,2,2,other,father,1,3,0,yes,yes,no,no,yes,yes,no,no,4,4,3,2,4,37
832,M,16,R,GT3,T,1,1,other,father,2,1,0,no,no,no,yes,yes,yes,no,no,3,4,4,6,7,33
833,F,18,U,GT3,T,1,2,course,father,1,2,1,no,yes,no,yes,yes,yes,yes,yes,3,4,4,9,5,25
834,M,15,U,GT3,T,3,1,home,mother,2,1,0,no,yes,no,no,yes,yes,no,no,3,2,3,0,4,30
835,F,16,R,GT3,T,2,2,course,father,3,2,0,no,yes,no,yes,yes,yes,yes,no,5,3,4,1,2,41
836,M,15,U,GT3,T,2,2,reputation,mother,3,1,0,no,no,no,no,yes,yes,no,no,4,3,3,1,3,38
837,M,16,U,GT3,T,4,4,course,father,1,2,0,no,yes,no,yes,yes,yes,no,yes,4,3,1,0,2,38
838,F,15,R,GT3,T,3,3,reputation,mother,1,2,0,no,yes,no,no,yes,yes,yes,yes,4,5,4,4,2,37
839,F,16,R,GT3,T,2,2,course,mother,2,2,1,no,yes,no,yes,no,yes,no,no,4,4,4,2,5,35
840,F,16,R,LE3,T,2,2,home,father,3,1,0,no,yes,no,yes,yes,yes,no,yes,4,3,2,0,2,44
841,M,16,U,LE3,T,2,1,course,mother,2,1,0,no,yes,no,yes,yes,yes,yes,no,2,4,3,4,5,28
842,M,15,R,LE3,T,1,3,reputation,father,3,1,0,no,yes,no,yes,yes,yes,yes,no,4,2,4,2,8,32
843,F,15,U,GT3,T,2,2,course,mother,2,3,0,no,yes,no,yes,yes,yes,no,no,5,3,2,0,2,39
844,F,16,R,LE3,T,2,1,home,mother,1,1,0,no,yes,no,no,yes,yes,yes,yes,5,4,3,2,2,26
845,M,15,U,GT3,T,3,3,course,father,2,1,0,no,yes,no,yes,no,yes,yes,no,4,3,3,11,6,33
846,F,16,R,GT3,T,1,1,course,father,2,2,3,yes,yes,no,no,yes,yes,no,no,3,4,3,0,2,22
847,F,17,U,GT3,T,2,2,course,mother,1,1,0,no,yes,no,yes,yes,no,no,no,4,5,3,4,2,28
848,F,19,U,GT3,T,2,3,course,other,1,1,1,no,no,no,no,yes,no,yes,yes,4,4,4,0,2,28
849,F,17,R,GT3,T,2,1,course,mother,3,1,0,no,yes,no,yes,yes,no,no,yes,5,5,3,2,2,30
850,F,15,R,LE3,T,1,1,course,mother,2,1,0,no,yes,no,no,yes,no,no,yes,5,2,1,0,4,28
851,F,16,R,GT3,T,2,2,course,father,3,2,0,no,yes,no,no,yes,no,yes,no,3,4,5,1,3,30
852,F,16,U,LE3,A,2,2,home,mother,1,1,0,no,yes,no,no,yes,no,no,no,4,3,4,6,3,22
853,F,17,R,GT3,T,2,2,course,mother,2,2,0,no,yes,no,no,yes,yes,yes,no,4,3,5,0,3,32
854,F,16,U,GT3,T,2,2,course,father,1,1,1,no,yes,yes,yes,no,yes,yes,no,4,4,3,1,5,29
855,F,18,R,LE3,A,3,2,course,other,2,3,2,no,yes,no,no,no,no,no,yes,3,3,2,6,2,26
856,F,19,U,GT3,T,1,1,course,mother,1,3,1,no,no,no,yes,yes,no,no,yes,5,3,1,6,2,25
857,M,18,R,GT3,T,1,1,home,mother,2,1,1,no,no,no,yes,yes,no,yes,no,4,4,3,0,7,27
858,F,18,R,GT3,T,1,1,course,mother,2,1,1,no,no,no,no,no,no,yes,yes,3,2,3,4,2,30
859,F,19,U,GT3,T,1,1,course,other,2,2,1,no,yes,no,no,yes,yes,yes,yes,1,1,4,12,5,24
860,F,16,R,GT3,A,2,2,course,mother,1,2,0,no,no,no,no,no,yes,no,yes,3,3,2,2,2,28
861,F,17,U,GT3,T,0,1,course,father,2,1,0,no,no,no,yes,no,yes,no,no,2,4,4,5,8,28
862,F,16,R,LE3,T,1,2,course,mother,1,2,0,no,no,no,yes,yes,no,yes,no,4,4,5,0,4,26
863,F,16,U,GT3,T,3,3,reputation,mother,1,1,0,no,no,no,yes,yes,no,yes,yes,4,5,4,0,2,40
864,F,16,R,LE3,T,1,1,home,mother,1,1,0,no,yes,no,yes,yes,yes,yes,yes,4,4,4,2,4,42
865,M,17,U,GT3,T,3,3,course,mother,2,4,1,no,yes,yes,yes,yes,yes,no,no,5,4,5,0,7,31
866,F,16,U,GT3,T,2,1,course,mother,1,2,0,no,yes,no,yes,yes,yes,yes,no,5,3,3,0,2,41
867,F,16,U,GT3,T,2,2,course,mother,1,1,0,no,yes,yes,yes,yes,yes,no,yes,4,2,5,0,3,49
868,M,17,U,GT3,T,1,2,course,father,1,1,1,no,yes,no,yes,yes,no,yes,yes,5,3,5,12,10,20
869,M,16,U,LE3,T,4,3,course,father,1,1,0,no,no,no,yes,yes,yes,yes,no,4,2,5,8,6,39
870,M,17,R,LE3,T,2,2,other,mother,3,4,1,no,yes,no,no,yes,yes,no,no,1,3,5,2,8,27
871,F,16,U,GT3,T,1,1,course,other,1,4,0,yes,yes,no,yes,yes,yes,yes,no,2,2,1,0,2,42
872,F,19,U,LE3,T,2,2,home,mother,1,3,0,no,no,no,no,yes,yes,yes,yes,5,4,5,0,2,38
873,F,17,R,GT3,T,1,1,reputation,mother,2,1,0,no,yes,no,yes,no,yes,yes,yes,4,4,5,0,3,33
874,F,17,U,LE3,T,1,1,course,father,1,3,0,no,yes,no,no,yes,yes,no,yes,4,3,3,0,2,32
875,M,17,R,GT3,T,2,2,course,mother,3,1,1,no,yes,no,no,no,yes,yes,no,4,4,5,0,3,28
876,F,16,R,LE3,T,1,1,course,father,3,2,0,no,yes,no,no,yes,yes,no,no,5,3,2,0,2,51
877,F,17,R,GT3,T,2,2,reputation,mother,2,2,0,no,yes,no,yes,yes,yes,no,no,5,3,2,0,2,49
878,F,17,U,GT3,A,1,0,other,mother,2,2,0,no,no,no,no,yes,yes,yes,yes,4,4,5,1,2,30
879,F,18,R,GT3,T,1,1,other,mother,1,2,1,no,yes,no,no,yes,yes,yes,yes,4,3,2,9,2,21
880,F,16,U,GT3,T,3,1,course,mother,1,1,0,no,no,no,yes,yes,yes,yes,no,3,1,3,0,4,22
881,F,16,U,GT3,T,3,2,course,mother,1,1,0,no,no,no,no,yes,yes,yes,no,3,1,3,2,5,20
882,F,18,U,LE3,T,1,1,reputation,mother,2,2,0,yes,no,no,no,yes,yes,no,no,2,3,5,8,5,27
883,F,16,R,GT3,T,4,4,reputation,father,1,2,0,no,no,no,yes,no,yes,yes,yes,4,3,3,0,5,46
884,F,16,R,LE3,T,1,2,reputation,mother,2,1,0,no,no,no,yes,yes,yes,yes,no,5,4,5,0,5,43
885,F,18,U,GT3,A,2,4,reputation,father,1,2,1,no,yes,no,no,yes,yes,yes,no,2,3,2,8,4,21
886,M,16,R,GT3,T,2,1,reputation,mother,2,2,0,no,no,no,yes,yes,yes,yes,no,5,2,1,0,2,15
887,F,16,U,LE3,T,1,1,other,mother,3,2,0,no,yes,no,no,yes,yes,yes,no,4,3,2,6,4,22
888,F,16,R,GT3,T,2,3,other,mother,2,2,0,no,yes,no,yes,yes,yes,yes,no,3,3,3,0,2,28
889,F,16,U,GT3,T,4,4,course,mother,1,2,0,no,yes,no,no,yes,yes,yes,yes,4,3,4,4,3,24
890,M,18,U,LE3,T,4,4,home,mother,1,4,0,no,yes,no,yes,yes,no,yes,yes,5,5,5,2,10,17
891,F,16,R,LE3,T,3,4,other,mother,3,2,0,no,yes,no,no,no,yes,no,no,4,2,1,2,2,24
892,M,17,U,LE3,T,4,4,home,mother,1,3,0,no,yes,no,no,yes,yes,yes,no,4,4,3,0,3,45
893,F,17,R,GT3,T,4,1,other,mother,1,1,0,no,no,no,no,yes,yes,yes,yes,4,2,3,1,3,41
894,M,16,U,LE3,T,2,2,other,mother,4,3,0,no,no,no,no,yes,yes,no,no,5,1,3,0,4,29
895,F,17,R,GT3,T,2,2,other,mother,1,1,0,no,yes,yes,no,yes,yes,yes,no,5,1,3,5,3,27
896,F,16,U,LE3,T,4,4,other,father,2,1,0,no,yes,no,no,yes,yes,no,no,5,1,3,1,3,33
897,M,17,U,GT3,T,3,3,home,mother,1,1,0,no,yes,no,yes,yes,yes,yes,no,4,1,4,8,10,26
898,M,17,U,GT3,T,1,1,other,mother,3,2,0,no,no,no,no,yes,yes,yes,yes,5,1,3,0,6,30
899,M,16,U,GT3,T,2,1,other,mother,2,2,0,no,no,no,no,no,yes,yes,yes,4,2,2,2,5,24
900,F,16,U,LE3,T,2,1,other,mother,1,2,0,no,no,no,no,yes,yes,yes,yes,3,2,2,0,2,45
901,M,16,U,LE3,T,4,4,other,father,1,1,0,no,yes,no,no,yes,yes,yes,no,4,1,2,0,7,35
902,M,15,R,GT3,T,1,2,course,mother,3,2,0,no,yes,no,yes,yes,yes,no,no,5,5,5,11,4,30
903,M,15,U,LE3,A,2,2,reputation,mother,3,4,0,no,yes,no,yes,yes,yes,no,no,5,4,5,8,5,41
904,M,15,U,LE3,A,2,1,course,mother,1,1,0,no,no,no,yes,yes,yes,yes,no,4,3,3,11,3,37
905,F,16,R,LE3,T,2,2,course,mother,1,3,0,no,yes,no,no,no,yes,no,yes,4,3,3,2,4,33
906,F,16,U,LE3,T,4,1,home,mother,2,2,0,no,yes,no,yes,yes,yes,yes,no,1,2,4,8,4,29
907,F,17,U,GT3,T,3,2,home,mother,2,1,0,no,no,no,no,yes,yes,no,yes,4,3,3,5,4,31
908,F,17,R,GT3,T,2,2,other,mother,2,2,0,yes,no,yes,no,yes,yes,no,no,5,1,3,0,2,31
909,F,16,U,GT3,T,4,4,course,mother,2,3,0,no,yes,no,no,yes,yes,yes,yes,5,3,5,1,5,33
910,M,17,R,GT3,T,4,4,course,father,3,1,3,no,no,no,yes,yes,yes,yes,yes,3,3,3,2,4,26
911,M,17,R,LE3,T,1,3,course,father,2,1,0,no,no,no,yes,yes,yes,no,yes,5,1,2,2,6,35
912,M,17,U,GT3,T,3,4,other,mother,1,2,1,no,yes,no,yes,no,yes,yes,yes,5,4,4,8,7,25
913,F,17,U,GT3,T,4,4,course,father,1,2,0,no,yes,no,no,yes,yes,yes,no,5,2,5,0,2,44
914,M,16,R,LE3,T,4,1,other,father,1,1,0,no,no,no,no,yes,yes,yes,no,4,1,2,0,3,32
915,F,17,U,GT3,A,1,1,other,mother,1,2,0,no,no,no,yes,yes,yes,yes,yes,4,5,5,2,3,32
916,F,17,R,GT3,T,4,2,course,mother,2,2,0,yes,yes,no,no,no,yes,yes,no,4,3,3,0,5,53
917,M,16,U,LE3,A,2,2,course,father,2,2,0,no,yes,no,no,no,yes,yes,yes,4,1,2,0,4,38
918,M,17,U,GT3,T,3,2,other,father,2,2,0,no,yes,yes,no,yes,yes,yes,no,4,1,2,0,4,40
919,M,19,U,GT3,T,1,1,other,mother,1,2,2,no,yes,no,yes,yes,no,yes,no,4,4,3,2,7,28
920,M,17,U,LE3,A,1,0,home,mother,1,1,0,no,no,no,no,yes,yes,no,yes,4,1,2,4,2,34
921,F,17,R,GT3,T,1,1,course,father,2,1,0,no,yes,no,yes,yes,no,yes,yes,3,5,5,3,4,31
922,F,16,R,GT3,T,1,2,home,father,1,3,0,yes,yes,no,no,no,yes,yes,yes,4,3,4,5,2,40
923,M,16,R,LE3,T,1,2,course,mother,1,1,0,no,no,no,no,yes,yes,no,no,4,4,4,4,6,30
924,F,17,R,GT3,T,3,1,course,mother,2,2,3,no,yes,no,yes,no,yes,yes,yes,5,4,4,2,2,26
925,M,17,R,GT3,T,2,2,course,mother,2,1,0,no,no,no,yes,yes,no,no,yes,5,5,5,0,8,31
926,M,18,R,GT3,T,1,0,course,other,3,1,1,yes,yes,no,no,yes,yes,no,no,4,3,2,0,2,37
927,M,17,R,GT3,T,1,1,course,mother,2,1,0,no,yes,no,yes,no,yes,yes,yes,4,5,5,0,4,29
928,M,18,U,LE3,T,1,1,course,mother,2,2,0,no,yes,no,yes,yes,yes,no,no,4,3,3,6,5,29
929,F,16,R,LE3,T,2,2,course,father,1,2,0,no,no,no,yes,yes,yes,no,yes,5,4,3,0,2,36
930,M,17,U,GT3,T,2,2,course,mother,1,1,1,no,no,no,yes,yes,yes,no,yes,1,2,1,0,5,7
931,M,16,R,GT3,T,3,2,course,father,2,1,0,no,no,no,no,yes,yes,yes,no,4,5,5,2,5,30
932,M,16,R,LE3,T,1,1,course,mother,2,1,0,no,no,no,yes,yes,yes,yes,no,4,5,5,0,6,29
933,M,18,R,GT3,T,1,1,course,other,2,1,1,no,yes,no,no,yes,no,yes,yes,5,3,3,2,5,25
934,M,18,R,GT3,T,3,2,course,mother,1,1,1,no,no,no,no,yes,no,yes,no,2,3,1,0,4,4
935,M,19,U,GT3,T,3,2,course,mother,2,1,3,no,no,no,yes,yes,yes,no,no,3,2,1,4,2,26
936,M,18,U,GT3,T,3,3,course,mother,1,2,2,no,yes,no,yes,yes,no,yes,no,4,4,5,9,4,20
937,M,16,R,GT3,T,2,2,course,mother,2,1,0,no,yes,no,yes,yes,yes,yes,yes,5,4,3,6,6,23
938,M,19,U,GT3,T,2,1,course,other,2,1,3,no,no,no,yes,no,no,yes,yes,4,4,3,4,4,26
939,F,16,U,GT3,A,3,2,course,mother,2,2,2,no,yes,no,yes,yes,yes,no,yes,2,5,5,8,2,17
940,F,17,U,GT3,T,1,1,course,mother,1,1,0,no,yes,no,yes,yes,yes,no,no,4,3,2,9,3,26
941,F,18,R,GT3,A,4,3,course,mother,1,1,0,no,yes,no,no,yes,yes,yes,no,5,4,4,8,7,31
942,M,18,R,GT3,T,3,2,course,mother,2,1,0,no,yes,no,no,no,yes,yes,no,2,5,5,8,10,30
943,M,19,R,GT3,T,1,1,home,other,3,2,1,no,no,no,no,yes,yes,yes,no,5,4,4,8,6,30
944,M,17,U,GT3,T,3,3,course,mother,2,2,1,no,yes,no,no,yes,yes,yes,no,4,5,4,4,5,27
945,M,18,U,LE3,T,1,3,course,mother,1,1,0,no,no,no,no,yes,no,yes,yes,4,3,3,0,5,28
946,M,19,R,GT3,T,1,1,home,other,3,1,1,no,yes,no,no,yes,yes,yes,no,4,4,4,4,6,27
947,F,18,U,GT3,A,1,2,course,mother,2,2,2,no,yes,no,no,yes,yes,no,no,4,3,3,2,2,22
948,F,19,U,LE3,A,1,1,course,mother,1,1,0,no,yes,no,no,yes,no,no,no,1,4,4,0,2,21
949,F,18,R,GT3,T,2,2,other,mother,2,1,1,no,no,no,no,yes,no,yes,yes,5,5,5,0,2,14
950,F,17,R,GT3,T,0,0,course,mother,2,1,0,no,yes,no,no,yes,yes,yes,no,4,4,3,0,2,32
951,F,17,R,LE3,A,3,1,course,other,2,3,0,no,yes,yes,no,yes,no,no,no,4,2,3,5,4,23
952,F,17,U,GT3,T,4,2,home,mother,1,2,0,yes,yes,no,yes,yes,yes,yes,no,5,5,5,0,4,16
953,F,18,R,LE3,T,2,2,course,mother,1,2,1,no,yes,no,yes,yes,yes,yes,no,2,3,3,3,3,21
954,F,17,U,GT3,T,4,1,course,mother,1,1,0,no,yes,no,no,yes,yes,no,yes,3,2,2,0,2,27
955,F,17,U,LE3,T,1,2,course,father,1,1,0,no,no,no,no,yes,yes,yes,no,5,5,1,0,2,27
956,F,18,U,GT3,T,1,1,course,mother,3,2,2,no,no,no,yes,yes,yes,no,yes,3,4,4,3,4,22
957,F,18,U,GT3,T,2,2,reputation,father,2,2,0,no,no,no,yes,no,yes,yes,no,4,3,5,2,2,39
958,F,17,U,GT3,T,3,3,course,mother,2,1,0,no,yes,no,no,yes,yes,yes,no,4,4,3,0,2,36
959,F,18,U,LE3,A,1,2,reputation,mother,2,2,0,no,no,no,no,yes,yes,yes,no,4,4,3,0,3,39
960,F,18,U,GT3,T,4,4,reputation,mother,2,2,0,no,no,no,yes,no,yes,yes,no,4,3,5,0,3,54
961,M,18,U,LE3,T,4,4,reputation,mother,1,1,0,no,yes,no,yes,yes,yes,yes,no,5,4,5,3,2,51
962,F,17,U,GT3,T,4,2,course,mother,2,2,0,no,yes,no,no,yes,yes,yes,no,4,3,3,0,3,53
963,F,18,R,GT3,T,2,2,course,mother,3,2,1,no,no,no,yes,yes,yes,no,yes,4,3,3,0,2,9
964,M,18,U,LE3,T,1,2,home,mother,2,1,0,no,yes,no,no,no,yes,no,no,4,1,4,8,10,32
965,M,18,R,GT3,T,4,4,other,mother,3,1,0,no,yes,yes,yes,yes,yes,yes,yes,2,5,5,5,2,39
966,M,17,R,GT3,T,1,1,other,father,3,1,0,no,no,no,no,no,no,no,no,4,2,3,4,7,39
967,F,18,U,GT3,T,2,2,course,mother,2,2,0,no,yes,no,no,no,yes,yes,yes,1,3,1,4,2,26
968,F,18,U,LE3,T,2,2,course,father,2,3,0,no,no,no,no,yes,yes,yes,yes,5,4,5,0,5,36
969,F,18,R,LE3,A,4,2,reputation,mother,1,2,0,no,no,no,yes,yes,yes,yes,yes,5,3,1,0,2,5
970,F,18,U,GT3,T,1,1,course,mother,3,2,1,no,no,no,no,yes,no,no,no,4,4,2,2,3,29
971,F,19,U,GT3,T,1,1,other,father,2,1,1,no,no,no,no,yes,no,no,no,5,5,5,0,5,5
972,F,17,U,GT3,T,4,2,course,father,2,4,0,no,no,no,no,yes,yes,yes,yes,4,2,3,0,4,54
973,F,17,R,LE3,A,2,1,reputation,mother,2,2,0,no,no,no,yes,yes,yes,yes,yes,5,3,3,5,3,34
974,F,18,U,LE3,A,1,1,course,mother,1,2,0,no,no,no,no,yes,yes,no,yes,5,2,3,2,3,29
975,F,18,U,GT3,T,1,2,course,father,2,2,0,no,yes,no,no,yes,no,no,no,4,1,1,0,2,34
976,F,19,R,GT3,A,1,1,course,other,2,2,3,no,yes,no,yes,yes,no,no,yes,3,5,4,0,5,8
977,F,18,R,GT3,T,2,2,home,mother,2,3,0,no,no,no,no,yes,yes,yes,yes,4,2,1,5,2,43
978,M,17,R,GT3,T,4,3,home,mother,2,2,1,no,yes,yes,yes,no,yes,yes,yes,4,5,5,4,4,32
979,F,18,U,GT3,T,3,3,course,father,1,2,0,no,yes,no,no,yes,yes,no,yes,5,3,4,0,2,30
980,F,17,R,GT3,T,4,4,other,father,2,2,0,no,yes,yes,yes,yes,yes,yes,no,4,3,3,2,3,36
981,F,17,U,LE3,A,3,2,reputation,mother,2,2,0,no,no,no,no,yes,yes,no,yes,1,2,3,0,3,44
982,M,18,U,LE3,T,1,1,home,father,2,1,0,no,no,no,no,no,yes,yes,yes,3,3,2,2,3,41
983,F,18,U,LE3,T,1,1,course,father,2,3,0,no,no,no,no,yes,yes,yes,no,5,3,2,0,2,54
984,F,18,R,LE3,A,1,2,course,mother,3,2,0,no,no,no,no,yes,yes,no,yes,4,3,4,0,5,46
985,F,18,U,GT3,T,3,3,other,mother,2,2,0,no,yes,no,no,yes,yes,yes,yes,4,3,2,6,4,38
986,F,17,U,LE3,T,4,4,course,mother,1,2,0,no,yes,no,yes,yes,yes,yes,yes,2,3,4,4,2,44
987,F,17,R,GT3,T,1,2,course,father,2,2,0,no,no,no,no,no,yes,no,no,3,2,2,0,3,39
988,M,18,R,GT3,T,1,3,course,mother,2,2,0,no,yes,yes,no,yes,yes,no,no,3,3,4,0,6,27
989,M,18,U,LE3,T,4,4,other,mother,2,3,0,no,no,no,no,yes,yes,yes,yes,4,2,2,0,4,47
990,F,17,R,GT3,T,1,1,reputation,mother,3,1,1,no,yes,no,no,yes,yes,yes,yes,5,2,1,0,3,25
991,F,18,U,GT3,T,2,3,course,father,2,1,0,no,yes,no,no,yes,yes,yes,yes,5,2,3,0,3,30
992,F,18,R,GT3,T,4,4,other,father,3,2,0,no,yes,no,no,no,yes,yes,yes,3,2,2,0,6,12
993,M,18,R,LE3,T,1,2,other,father,3,1,0,no,yes,no,yes,yes,no,yes,yes,4,3,3,3,5,29
994,F,17,U,GT3,T,2,2,home,mother,1,3,0,no,no,no,yes,yes,yes,no,yes,3,4,3,8,2,33
995,F,17,R,GT3,T,1,2,course,mother,1,1,0,no,no,no,yes,yes,yes,yes,no,3,5,5,4,4,24
996,F,18,R,LE3,T,4,4,reputation,mother,2,3,0,no,no,no,no,yes,yes,yes,no,5,4,4,0,2,49
997,F,18,R,GT3,T,1,1,home,mother,4,3,0,no,no,no,no,yes,yes,yes,no,4,3,2,4,3,33
998,F,19,R,GT3,T,1,1,course,other,2,2,1,no,yes,no,no,yes,yes,yes,yes,4,3,3,4,2,24
999,F,18,R,LE3,T,4,4,course,mother,1,2,0,no,no,no,yes,yes,yes,yes,no,5,4,3,1,7,41
1000,F,18,U,GT3,T,3,3,home,mother,1,2,0,no,no,no,no,yes,yes,yes,yes,4,1,3,1,3,48
1001,F,17,R,GT3,T,3,1,reputation,mother,1,2,0,no,yes,no,yes,no,yes,yes,no,4,5,4,10,5,26
1002,M,18,U,GT3,T,4,4,home,father,1,2,0,no,no,no,yes,no,yes,yes,no,3,2,4,4,5,54
1003,M,18,R,GT3,T,2,1,other,mother,2,1,0,no,no,no,yes,no,yes,yes,yes,4,4,3,0,4,14
1004,M,17,U,GT3,T,2,3,home,father,2,2,0,no,no,no,yes,yes,yes,yes,no,4,4,3,4,2,45
1005,M,19,R,GT3,T,1,1,other,mother,2,1,1,no,no,no,no,yes,yes,no,no,4,3,2,0,4,13
1006,M,18,R,GT3,T,4,2,home,father,2,1,1,no,no,yes,no,yes,yes,no,no,5,4,3,0,7,14
1007,F,18,R,GT3,T,2,2,other,mother,2,3,0,no,no,no,no,yes,yes,no,no,5,3,3,0,4,46
1008,F,17,U,GT3,T,4,3,other,mother,2,2,0,no,no,no,no,yes,yes,yes,no,5,5,4,0,2,26
1009,F,18,R,GT3,T,4,4,reputation,mother,3,1,0,no,yes,no,yes,yes,yes,yes,yes,4,4,3,4,4,26
1010,F,19,R,GT3,T,2,3,course,mother,1,3,1,no,no,no,yes,no,yes,yes,no,5,4,2,4,3,31
1011,F,18,U,LE3,T,3,1,course,mother,1,2,0,no,yes,no,no,yes,yes,yes,no,4,3,4,4,2,46
1012,F,18,U,GT3,T,1,1,course,mother,2,2,0,no,no,no,yes,yes,yes,no,no,1,1,1,6,2,32
1013,M,17,U,LE3,T,3,1,course,mother,2,1,0,no,no,no,no,no,yes,yes,no,2,4,5,6,7,30
1014,M,18,R,LE3,T,3,2,course,mother,3,1,0,no,no,no,no,no,yes,yes,no,4,4,1,4,7,32
